ImageID,Subset,OriginalURL,OriginalLandingURL,License,AuthorProfileURL,Author,Title,OriginalSize,OriginalMD5,Thumbnail300KURL,Rotation
frame_000000,default,,,,,,,,,,
frame_000001,default,,,,,,,,,,
frame_000002,default,,,,,,,,,,
frame_000003,default,,,,,,,,,,
frame_000004,default,,,,,,,,,,
frame_000005,default,,,,,,,,,,
frame_000006,default,,,,,,,,,,
frame_000007,default,,,,,,,,,,
frame_000008,default,,,,,,,,,,
frame_000009,default,,,,,,,,,,
frame_000010,default,,,,,,,,,,
frame_000011,default,,,,,,,,,,
frame_000012,default,,,,,,,,,,
frame_000013,default,,,,,,,,,,
frame_000014,default,,,,,,,,,,
frame_000015,default,,,,,,,,,,
frame_000016,default,,,,,,,,,,
frame_000017,default,,,,,,,,,,
frame_000018,default,,,,,,,,,,
frame_000019,default,,,,,,,,,,
frame_000020,default,,,,,,,,,,
frame_000021,default,,,,,,,,,,
frame_000022,default,,,,,,,,,,
frame_000023,default,,,,,,,,,,
frame_000024,default,,,,,,,,,,
frame_000025,default,,,,,,,,,,
frame_000026,default,,,,,,,,,,
frame_000027,default,,,,,,,,,,
frame_000028,default,,,,,,,,,,
frame_000029,default,,,,,,,,,,
frame_000030,default,,,,,,,,,,
frame_000031,default,,,,,,,,,,
frame_000032,default,,,,,,,,,,
frame_000033,default,,,,,,,,,,
frame_000034,default,,,,,,,,,,
frame_000035,default,,,,,,,,,,
frame_000036,default,,,,,,,,,,
frame_000037,default,,,,,,,,,,
frame_000038,default,,,,,,,,,,
frame_000039,default,,,,,,,,,,
frame_000040,default,,,,,,,,,,
frame_000041,default,,,,,,,,,,
frame_000042,default,,,,,,,,,,
frame_000043,default,,,,,,,,,,
frame_000044,default,,,,,,,,,,
frame_000045,default,,,,,,,,,,
frame_000046,default,,,,,,,,,,
frame_000047,default,,,,,,,,,,
frame_000048,default,,,,,,,,,,
frame_000049,default,,,,,,,,,,
frame_000050,default,,,,,,,,,,
frame_000051,default,,,,,,,,,,
frame_000052,default,,,,,,,,,,
frame_000053,default,,,,,,,,,,
frame_000054,default,,,,,,,,,,
frame_000055,default,,,,,,,,,,
frame_000056,default,,,,,,,,,,
frame_000057,default,,,,,,,,,,
frame_000058,default,,,,,,,,,,
frame_000059,default,,,,,,,,,,
frame_000060,default,,,,,,,,,,
frame_000061,default,,,,,,,,,,
frame_000062,default,,,,,,,,,,
frame_000063,default,,,,,,,,,,
frame_000064,default,,,,,,,,,,
frame_000065,default,,,,,,,,,,
frame_000066,default,,,,,,,,,,
frame_000067,default,,,,,,,,,,
frame_000068,default,,,,,,,,,,
frame_000069,default,,,,,,,,,,
frame_000070,default,,,,,,,,,,
frame_000071,default,,,,,,,,,,
frame_000072,default,,,,,,,,,,
frame_000073,default,,,,,,,,,,
frame_000074,default,,,,,,,,,,
frame_000075,default,,,,,,,,,,
frame_000076,default,,,,,,,,,,
frame_000077,default,,,,,,,,,,
frame_000078,default,,,,,,,,,,
frame_000079,default,,,,,,,,,,
frame_000080,default,,,,,,,,,,
frame_000081,default,,,,,,,,,,
frame_000082,default,,,,,,,,,,
frame_000083,default,,,,,,,,,,
frame_000084,default,,,,,,,,,,
frame_000085,default,,,,,,,,,,
frame_000086,default,,,,,,,,,,
frame_000087,default,,,,,,,,,,
frame_000088,default,,,,,,,,,,
frame_000089,default,,,,,,,,,,
frame_000090,default,,,,,,,,,,
frame_000091,default,,,,,,,,,,
frame_000092,default,,,,,,,,,,
frame_000093,default,,,,,,,,,,
frame_000094,default,,,,,,,,,,
frame_000095,default,,,,,,,,,,
frame_000096,default,,,,,,,,,,
frame_000097,default,,,,,,,,,,
frame_000098,default,,,,,,,,,,
frame_000099,default,,,,,,,,,,
frame_000100,default,,,,,,,,,,
frame_000101,default,,,,,,,,,,
frame_000102,default,,,,,,,,,,
frame_000103,default,,,,,,,,,,
frame_000104,default,,,,,,,,,,
frame_000105,default,,,,,,,,,,
frame_000106,default,,,,,,,,,,
frame_000107,default,,,,,,,,,,
frame_000108,default,,,,,,,,,,
frame_000109,default,,,,,,,,,,
frame_000110,default,,,,,,,,,,
frame_000111,default,,,,,,,,,,
frame_000112,default,,,,,,,,,,
frame_000113,default,,,,,,,,,,
frame_000114,default,,,,,,,,,,
frame_000115,default,,,,,,,,,,
frame_000116,default,,,,,,,,,,
frame_000117,default,,,,,,,,,,
frame_000118,default,,,,,,,,,,
frame_000119,default,,,,,,,,,,
frame_000120,default,,,,,,,,,,
frame_000121,default,,,,,,,,,,
frame_000122,default,,,,,,,,,,
frame_000123,default,,,,,,,,,,
frame_000124,default,,,,,,,,,,
frame_000125,default,,,,,,,,,,
frame_000126,default,,,,,,,,,,
frame_000127,default,,,,,,,,,,
frame_000128,default,,,,,,,,,,
frame_000129,default,,,,,,,,,,
frame_000130,default,,,,,,,,,,
frame_000131,default,,,,,,,,,,
frame_000132,default,,,,,,,,,,
frame_000133,default,,,,,,,,,,
frame_000134,default,,,,,,,,,,
frame_000135,default,,,,,,,,,,
frame_000136,default,,,,,,,,,,
frame_000137,default,,,,,,,,,,
frame_000138,default,,,,,,,,,,
frame_000139,default,,,,,,,,,,
frame_000140,default,,,,,,,,,,
frame_000141,default,,,,,,,,,,
frame_000142,default,,,,,,,,,,
frame_000143,default,,,,,,,,,,
frame_000144,default,,,,,,,,,,
frame_000145,default,,,,,,,,,,
frame_000146,default,,,,,,,,,,
frame_000147,default,,,,,,,,,,
frame_000148,default,,,,,,,,,,
frame_000149,default,,,,,,,,,,
frame_000150,default,,,,,,,,,,
frame_000151,default,,,,,,,,,,
frame_000152,default,,,,,,,,,,
frame_000153,default,,,,,,,,,,
frame_000154,default,,,,,,,,,,
frame_000155,default,,,,,,,,,,
frame_000156,default,,,,,,,,,,
frame_000157,default,,,,,,,,,,
frame_000158,default,,,,,,,,,,
frame_000159,default,,,,,,,,,,
frame_000160,default,,,,,,,,,,
frame_000161,default,,,,,,,,,,
frame_000162,default,,,,,,,,,,
frame_000163,default,,,,,,,,,,
frame_000164,default,,,,,,,,,,
frame_000165,default,,,,,,,,,,
frame_000166,default,,,,,,,,,,
frame_000167,default,,,,,,,,,,
frame_000168,default,,,,,,,,,,
frame_000169,default,,,,,,,,,,
frame_000170,default,,,,,,,,,,
frame_000171,default,,,,,,,,,,
frame_000172,default,,,,,,,,,,
frame_000173,default,,,,,,,,,,
frame_000174,default,,,,,,,,,,
frame_000175,default,,,,,,,,,,
frame_000176,default,,,,,,,,,,
frame_000177,default,,,,,,,,,,
frame_000178,default,,,,,,,,,,
frame_000179,default,,,,,,,,,,
frame_000180,default,,,,,,,,,,
frame_000181,default,,,,,,,,,,
frame_000182,default,,,,,,,,,,
frame_000183,default,,,,,,,,,,
frame_000184,default,,,,,,,,,,
frame_000185,default,,,,,,,,,,
frame_000186,default,,,,,,,,,,
frame_000187,default,,,,,,,,,,
frame_000188,default,,,,,,,,,,
frame_000189,default,,,,,,,,,,
frame_000190,default,,,,,,,,,,
frame_000191,default,,,,,,,,,,
frame_000192,default,,,,,,,,,,
frame_000193,default,,,,,,,,,,
frame_000194,default,,,,,,,,,,
frame_000195,default,,,,,,,,,,
frame_000196,default,,,,,,,,,,
frame_000197,default,,,,,,,,,,
frame_000198,default,,,,,,,,,,
frame_000199,default,,,,,,,,,,
frame_000200,default,,,,,,,,,,
frame_000201,default,,,,,,,,,,
frame_000202,default,,,,,,,,,,
frame_000203,default,,,,,,,,,,
frame_000204,default,,,,,,,,,,
frame_000205,default,,,,,,,,,,
frame_000206,default,,,,,,,,,,
frame_000207,default,,,,,,,,,,
frame_000208,default,,,,,,,,,,
frame_000209,default,,,,,,,,,,
frame_000210,default,,,,,,,,,,
frame_000211,default,,,,,,,,,,
frame_000212,default,,,,,,,,,,
frame_000213,default,,,,,,,,,,
frame_000214,default,,,,,,,,,,
frame_000215,default,,,,,,,,,,
frame_000216,default,,,,,,,,,,
frame_000217,default,,,,,,,,,,
frame_000218,default,,,,,,,,,,
frame_000219,default,,,,,,,,,,
frame_000220,default,,,,,,,,,,
frame_000221,default,,,,,,,,,,
frame_000222,default,,,,,,,,,,
frame_000223,default,,,,,,,,,,
frame_000224,default,,,,,,,,,,
frame_000225,default,,,,,,,,,,
frame_000226,default,,,,,,,,,,
frame_000227,default,,,,,,,,,,
frame_000228,default,,,,,,,,,,
frame_000229,default,,,,,,,,,,
frame_000230,default,,,,,,,,,,
frame_000231,default,,,,,,,,,,
frame_000232,default,,,,,,,,,,
frame_000233,default,,,,,,,,,,
frame_000234,default,,,,,,,,,,
frame_000235,default,,,,,,,,,,
frame_000236,default,,,,,,,,,,
frame_000237,default,,,,,,,,,,
frame_000238,default,,,,,,,,,,
frame_000239,default,,,,,,,,,,
frame_000240,default,,,,,,,,,,
frame_000241,default,,,,,,,,,,
frame_000242,default,,,,,,,,,,
frame_000243,default,,,,,,,,,,
frame_000244,default,,,,,,,,,,
frame_000245,default,,,,,,,,,,
frame_000246,default,,,,,,,,,,
frame_000247,default,,,,,,,,,,
frame_000248,default,,,,,,,,,,
frame_000249,default,,,,,,,,,,
frame_000250,default,,,,,,,,,,
frame_000251,default,,,,,,,,,,
frame_000252,default,,,,,,,,,,
frame_000253,default,,,,,,,,,,
frame_000254,default,,,,,,,,,,
frame_000255,default,,,,,,,,,,
frame_000256,default,,,,,,,,,,
frame_000257,default,,,,,,,,,,
frame_000258,default,,,,,,,,,,
frame_000259,default,,,,,,,,,,
frame_000260,default,,,,,,,,,,
frame_000261,default,,,,,,,,,,
frame_000262,default,,,,,,,,,,
frame_000263,default,,,,,,,,,,
frame_000264,default,,,,,,,,,,
frame_000265,default,,,,,,,,,,
frame_000266,default,,,,,,,,,,
frame_000267,default,,,,,,,,,,
frame_000268,default,,,,,,,,,,
frame_000269,default,,,,,,,,,,
frame_000270,default,,,,,,,,,,
frame_000271,default,,,,,,,,,,
frame_000272,default,,,,,,,,,,
frame_000273,default,,,,,,,,,,
frame_000274,default,,,,,,,,,,
frame_000275,default,,,,,,,,,,
frame_000276,default,,,,,,,,,,
frame_000277,default,,,,,,,,,,
frame_000278,default,,,,,,,,,,
frame_000279,default,,,,,,,,,,
frame_000280,default,,,,,,,,,,
frame_000281,default,,,,,,,,,,
frame_000282,default,,,,,,,,,,
frame_000283,default,,,,,,,,,,
frame_000284,default,,,,,,,,,,
frame_000285,default,,,,,,,,,,
frame_000286,default,,,,,,,,,,
frame_000287,default,,,,,,,,,,
frame_000288,default,,,,,,,,,,
frame_000289,default,,,,,,,,,,
frame_000290,default,,,,,,,,,,
frame_000291,default,,,,,,,,,,
frame_000292,default,,,,,,,,,,
frame_000293,default,,,,,,,,,,
frame_000294,default,,,,,,,,,,
frame_000295,default,,,,,,,,,,
frame_000296,default,,,,,,,,,,
frame_000297,default,,,,,,,,,,
frame_000298,default,,,,,,,,,,
frame_000299,default,,,,,,,,,,
frame_000300,default,,,,,,,,,,
frame_000301,default,,,,,,,,,,
frame_000302,default,,,,,,,,,,
frame_000303,default,,,,,,,,,,
frame_000304,default,,,,,,,,,,
frame_000305,default,,,,,,,,,,
frame_000306,default,,,,,,,,,,
frame_000307,default,,,,,,,,,,
frame_000308,default,,,,,,,,,,
frame_000309,default,,,,,,,,,,
frame_000310,default,,,,,,,,,,
frame_000311,default,,,,,,,,,,
frame_000312,default,,,,,,,,,,
frame_000313,default,,,,,,,,,,
frame_000314,default,,,,,,,,,,
frame_000315,default,,,,,,,,,,
frame_000316,default,,,,,,,,,,
frame_000317,default,,,,,,,,,,
frame_000318,default,,,,,,,,,,
frame_000319,default,,,,,,,,,,
frame_000320,default,,,,,,,,,,
frame_000321,default,,,,,,,,,,
frame_000322,default,,,,,,,,,,
frame_000323,default,,,,,,,,,,
frame_000324,default,,,,,,,,,,
frame_000325,default,,,,,,,,,,
frame_000326,default,,,,,,,,,,
frame_000327,default,,,,,,,,,,
frame_000328,default,,,,,,,,,,
frame_000329,default,,,,,,,,,,
frame_000330,default,,,,,,,,,,
frame_000331,default,,,,,,,,,,
frame_000332,default,,,,,,,,,,
frame_000333,default,,,,,,,,,,
frame_000334,default,,,,,,,,,,
frame_000335,default,,,,,,,,,,
frame_000336,default,,,,,,,,,,
frame_000337,default,,,,,,,,,,
frame_000338,default,,,,,,,,,,
frame_000339,default,,,,,,,,,,
frame_000340,default,,,,,,,,,,
frame_000341,default,,,,,,,,,,
frame_000342,default,,,,,,,,,,
frame_000343,default,,,,,,,,,,
frame_000344,default,,,,,,,,,,
frame_000345,default,,,,,,,,,,
frame_000346,default,,,,,,,,,,
frame_000347,default,,,,,,,,,,
frame_000348,default,,,,,,,,,,
frame_000349,default,,,,,,,,,,
frame_000350,default,,,,,,,,,,
frame_000351,default,,,,,,,,,,
frame_000352,default,,,,,,,,,,
frame_000353,default,,,,,,,,,,
frame_000354,default,,,,,,,,,,
frame_000355,default,,,,,,,,,,
frame_000356,default,,,,,,,,,,
frame_000357,default,,,,,,,,,,
frame_000358,default,,,,,,,,,,
frame_000359,default,,,,,,,,,,
frame_000360,default,,,,,,,,,,
frame_000361,default,,,,,,,,,,
frame_000362,default,,,,,,,,,,
frame_000363,default,,,,,,,,,,
frame_000364,default,,,,,,,,,,
frame_000365,default,,,,,,,,,,
frame_000366,default,,,,,,,,,,
frame_000367,default,,,,,,,,,,
frame_000368,default,,,,,,,,,,
frame_000369,default,,,,,,,,,,
frame_000370,default,,,,,,,,,,
frame_000371,default,,,,,,,,,,
frame_000372,default,,,,,,,,,,
frame_000373,default,,,,,,,,,,
frame_000374,default,,,,,,,,,,
frame_000375,default,,,,,,,,,,
frame_000376,default,,,,,,,,,,
frame_000377,default,,,,,,,,,,
frame_000378,default,,,,,,,,,,
frame_000379,default,,,,,,,,,,
frame_000380,default,,,,,,,,,,
frame_000381,default,,,,,,,,,,
frame_000382,default,,,,,,,,,,
frame_000383,default,,,,,,,,,,
frame_000384,default,,,,,,,,,,
frame_000385,default,,,,,,,,,,
frame_000386,default,,,,,,,,,,
frame_000387,default,,,,,,,,,,
frame_000388,default,,,,,,,,,,
frame_000389,default,,,,,,,,,,
frame_000390,default,,,,,,,,,,
frame_000391,default,,,,,,,,,,
frame_000392,default,,,,,,,,,,
frame_000393,default,,,,,,,,,,
frame_000394,default,,,,,,,,,,
frame_000395,default,,,,,,,,,,
frame_000396,default,,,,,,,,,,
frame_000397,default,,,,,,,,,,
frame_000398,default,,,,,,,,,,
frame_000399,default,,,,,,,,,,
frame_000400,default,,,,,,,,,,
frame_000401,default,,,,,,,,,,
frame_000402,default,,,,,,,,,,
frame_000403,default,,,,,,,,,,
frame_000404,default,,,,,,,,,,
frame_000405,default,,,,,,,,,,
frame_000406,default,,,,,,,,,,
frame_000407,default,,,,,,,,,,
frame_000408,default,,,,,,,,,,
frame_000409,default,,,,,,,,,,
frame_000410,default,,,,,,,,,,
frame_000411,default,,,,,,,,,,
frame_000412,default,,,,,,,,,,
frame_000413,default,,,,,,,,,,
frame_000414,default,,,,,,,,,,
frame_000415,default,,,,,,,,,,
frame_000416,default,,,,,,,,,,
frame_000417,default,,,,,,,,,,
frame_000418,default,,,,,,,,,,
frame_000419,default,,,,,,,,,,
frame_000420,default,,,,,,,,,,
frame_000421,default,,,,,,,,,,
frame_000422,default,,,,,,,,,,
frame_000423,default,,,,,,,,,,
frame_000424,default,,,,,,,,,,
frame_000425,default,,,,,,,,,,
frame_000426,default,,,,,,,,,,
frame_000427,default,,,,,,,,,,
frame_000428,default,,,,,,,,,,
frame_000429,default,,,,,,,,,,
frame_000430,default,,,,,,,,,,
frame_000431,default,,,,,,,,,,
frame_000432,default,,,,,,,,,,
frame_000433,default,,,,,,,,,,
frame_000434,default,,,,,,,,,,
frame_000435,default,,,,,,,,,,
frame_000436,default,,,,,,,,,,
frame_000437,default,,,,,,,,,,
frame_000438,default,,,,,,,,,,
frame_000439,default,,,,,,,,,,
frame_000440,default,,,,,,,,,,
frame_000441,default,,,,,,,,,,
frame_000442,default,,,,,,,,,,
frame_000443,default,,,,,,,,,,
frame_000444,default,,,,,,,,,,
frame_000445,default,,,,,,,,,,
frame_000446,default,,,,,,,,,,
frame_000447,default,,,,,,,,,,
frame_000448,default,,,,,,,,,,
frame_000449,default,,,,,,,,,,
frame_000450,default,,,,,,,,,,
frame_000451,default,,,,,,,,,,
frame_000452,default,,,,,,,,,,
frame_000453,default,,,,,,,,,,
frame_000454,default,,,,,,,,,,
frame_000455,default,,,,,,,,,,
frame_000456,default,,,,,,,,,,
frame_000457,default,,,,,,,,,,
frame_000458,default,,,,,,,,,,
frame_000459,default,,,,,,,,,,
frame_000460,default,,,,,,,,,,
frame_000461,default,,,,,,,,,,
frame_000462,default,,,,,,,,,,
frame_000463,default,,,,,,,,,,
frame_000464,default,,,,,,,,,,
frame_000465,default,,,,,,,,,,
frame_000466,default,,,,,,,,,,
frame_000467,default,,,,,,,,,,
frame_000468,default,,,,,,,,,,
frame_000469,default,,,,,,,,,,
frame_000470,default,,,,,,,,,,
frame_000471,default,,,,,,,,,,
frame_000472,default,,,,,,,,,,
frame_000473,default,,,,,,,,,,
frame_000474,default,,,,,,,,,,
frame_000475,default,,,,,,,,,,
frame_000476,default,,,,,,,,,,
frame_000477,default,,,,,,,,,,
frame_000478,default,,,,,,,,,,
frame_000479,default,,,,,,,,,,
frame_000480,default,,,,,,,,,,
frame_000481,default,,,,,,,,,,
frame_000482,default,,,,,,,,,,
frame_000483,default,,,,,,,,,,
frame_000484,default,,,,,,,,,,
frame_000485,default,,,,,,,,,,
frame_000486,default,,,,,,,,,,
frame_000487,default,,,,,,,,,,
frame_000488,default,,,,,,,,,,
frame_000489,default,,,,,,,,,,
frame_000490,default,,,,,,,,,,
frame_000491,default,,,,,,,,,,
frame_000492,default,,,,,,,,,,
frame_000493,default,,,,,,,,,,
frame_000494,default,,,,,,,,,,
frame_000495,default,,,,,,,,,,
frame_000496,default,,,,,,,,,,
frame_000497,default,,,,,,,,,,
frame_000498,default,,,,,,,,,,
frame_000499,default,,,,,,,,,,
frame_000500,default,,,,,,,,,,
frame_000501,default,,,,,,,,,,
frame_000502,default,,,,,,,,,,
frame_000503,default,,,,,,,,,,
frame_000504,default,,,,,,,,,,
frame_000505,default,,,,,,,,,,
frame_000506,default,,,,,,,,,,
frame_000507,default,,,,,,,,,,
frame_000508,default,,,,,,,,,,
frame_000509,default,,,,,,,,,,
frame_000510,default,,,,,,,,,,
frame_000511,default,,,,,,,,,,
frame_000512,default,,,,,,,,,,
frame_000513,default,,,,,,,,,,
frame_000514,default,,,,,,,,,,
frame_000515,default,,,,,,,,,,
frame_000516,default,,,,,,,,,,
frame_000517,default,,,,,,,,,,
frame_000518,default,,,,,,,,,,
frame_000519,default,,,,,,,,,,
frame_000520,default,,,,,,,,,,
frame_000521,default,,,,,,,,,,
frame_000522,default,,,,,,,,,,
frame_000523,default,,,,,,,,,,
frame_000524,default,,,,,,,,,,
frame_000525,default,,,,,,,,,,
frame_000526,default,,,,,,,,,,
frame_000527,default,,,,,,,,,,
frame_000528,default,,,,,,,,,,
frame_000529,default,,,,,,,,,,
frame_000530,default,,,,,,,,,,
frame_000531,default,,,,,,,,,,
frame_000532,default,,,,,,,,,,
frame_000533,default,,,,,,,,,,
frame_000534,default,,,,,,,,,,
frame_000535,default,,,,,,,,,,
frame_000536,default,,,,,,,,,,
frame_000537,default,,,,,,,,,,
frame_000538,default,,,,,,,,,,
frame_000539,default,,,,,,,,,,
frame_000540,default,,,,,,,,,,
frame_000541,default,,,,,,,,,,
frame_000542,default,,,,,,,,,,
frame_000543,default,,,,,,,,,,
frame_000544,default,,,,,,,,,,
frame_000545,default,,,,,,,,,,
frame_000546,default,,,,,,,,,,
frame_000547,default,,,,,,,,,,
frame_000548,default,,,,,,,,,,
frame_000549,default,,,,,,,,,,
frame_000550,default,,,,,,,,,,
frame_000551,default,,,,,,,,,,
frame_000552,default,,,,,,,,,,
frame_000553,default,,,,,,,,,,
frame_000554,default,,,,,,,,,,
frame_000555,default,,,,,,,,,,
frame_000556,default,,,,,,,,,,
frame_000557,default,,,,,,,,,,
frame_000558,default,,,,,,,,,,
frame_000559,default,,,,,,,,,,
frame_000560,default,,,,,,,,,,
frame_000561,default,,,,,,,,,,
frame_000562,default,,,,,,,,,,
frame_000563,default,,,,,,,,,,
frame_000564,default,,,,,,,,,,
frame_000565,default,,,,,,,,,,
frame_000566,default,,,,,,,,,,
frame_000567,default,,,,,,,,,,
frame_000568,default,,,,,,,,,,
frame_000569,default,,,,,,,,,,
frame_000570,default,,,,,,,,,,
frame_000571,default,,,,,,,,,,
frame_000572,default,,,,,,,,,,
frame_000573,default,,,,,,,,,,
frame_000574,default,,,,,,,,,,
frame_000575,default,,,,,,,,,,
frame_000576,default,,,,,,,,,,
frame_000577,default,,,,,,,,,,
frame_000578,default,,,,,,,,,,
frame_000579,default,,,,,,,,,,
frame_000580,default,,,,,,,,,,
frame_000581,default,,,,,,,,,,
frame_000582,default,,,,,,,,,,
frame_000583,default,,,,,,,,,,
frame_000584,default,,,,,,,,,,
frame_000585,default,,,,,,,,,,
frame_000586,default,,,,,,,,,,
frame_000587,default,,,,,,,,,,
frame_000588,default,,,,,,,,,,
frame_000589,default,,,,,,,,,,
frame_000590,default,,,,,,,,,,
frame_000591,default,,,,,,,,,,
frame_000592,default,,,,,,,,,,
frame_000593,default,,,,,,,,,,
frame_000594,default,,,,,,,,,,
frame_000595,default,,,,,,,,,,
frame_000596,default,,,,,,,,,,
frame_000597,default,,,,,,,,,,
frame_000598,default,,,,,,,,,,
frame_000599,default,,,,,,,,,,
frame_000600,default,,,,,,,,,,
frame_000601,default,,,,,,,,,,
frame_000602,default,,,,,,,,,,
frame_000603,default,,,,,,,,,,
frame_000604,default,,,,,,,,,,
frame_000605,default,,,,,,,,,,
frame_000606,default,,,,,,,,,,
frame_000607,default,,,,,,,,,,
frame_000608,default,,,,,,,,,,
frame_000609,default,,,,,,,,,,
frame_000610,default,,,,,,,,,,
frame_000611,default,,,,,,,,,,
frame_000612,default,,,,,,,,,,
frame_000613,default,,,,,,,,,,
frame_000614,default,,,,,,,,,,
frame_000615,default,,,,,,,,,,
frame_000616,default,,,,,,,,,,
frame_000617,default,,,,,,,,,,
frame_000618,default,,,,,,,,,,
frame_000619,default,,,,,,,,,,
frame_000620,default,,,,,,,,,,
frame_000621,default,,,,,,,,,,
frame_000622,default,,,,,,,,,,
frame_000623,default,,,,,,,,,,
frame_000624,default,,,,,,,,,,
frame_000625,default,,,,,,,,,,
frame_000626,default,,,,,,,,,,
frame_000627,default,,,,,,,,,,
frame_000628,default,,,,,,,,,,
frame_000629,default,,,,,,,,,,
frame_000630,default,,,,,,,,,,
frame_000631,default,,,,,,,,,,
frame_000632,default,,,,,,,,,,
frame_000633,default,,,,,,,,,,
frame_000634,default,,,,,,,,,,
frame_000635,default,,,,,,,,,,
frame_000636,default,,,,,,,,,,
frame_000637,default,,,,,,,,,,
frame_000638,default,,,,,,,,,,
frame_000639,default,,,,,,,,,,
frame_000640,default,,,,,,,,,,
frame_000641,default,,,,,,,,,,
frame_000642,default,,,,,,,,,,
frame_000643,default,,,,,,,,,,
frame_000644,default,,,,,,,,,,
frame_000645,default,,,,,,,,,,
frame_000646,default,,,,,,,,,,
frame_000647,default,,,,,,,,,,
frame_000648,default,,,,,,,,,,
frame_000649,default,,,,,,,,,,
frame_000650,default,,,,,,,,,,
frame_000651,default,,,,,,,,,,
frame_000652,default,,,,,,,,,,
frame_000653,default,,,,,,,,,,
frame_000654,default,,,,,,,,,,
frame_000655,default,,,,,,,,,,
frame_000656,default,,,,,,,,,,
frame_000657,default,,,,,,,,,,
frame_000658,default,,,,,,,,,,
frame_000659,default,,,,,,,,,,
frame_000660,default,,,,,,,,,,
frame_000661,default,,,,,,,,,,
frame_000662,default,,,,,,,,,,
frame_000663,default,,,,,,,,,,
frame_000664,default,,,,,,,,,,
frame_000665,default,,,,,,,,,,
frame_000666,default,,,,,,,,,,
frame_000667,default,,,,,,,,,,
frame_000668,default,,,,,,,,,,
frame_000669,default,,,,,,,,,,
frame_000670,default,,,,,,,,,,
frame_000671,default,,,,,,,,,,
frame_000672,default,,,,,,,,,,
frame_000673,default,,,,,,,,,,
frame_000674,default,,,,,,,,,,
frame_000675,default,,,,,,,,,,
frame_000676,default,,,,,,,,,,
frame_000677,default,,,,,,,,,,
frame_000678,default,,,,,,,,,,
frame_000679,default,,,,,,,,,,
frame_000680,default,,,,,,,,,,
frame_000681,default,,,,,,,,,,
frame_000682,default,,,,,,,,,,
frame_000683,default,,,,,,,,,,
frame_000684,default,,,,,,,,,,
frame_000685,default,,,,,,,,,,
frame_000686,default,,,,,,,,,,
frame_000687,default,,,,,,,,,,
frame_000688,default,,,,,,,,,,
frame_000689,default,,,,,,,,,,
frame_000690,default,,,,,,,,,,
frame_000691,default,,,,,,,,,,
frame_000692,default,,,,,,,,,,
frame_000693,default,,,,,,,,,,
frame_000694,default,,,,,,,,,,
frame_000695,default,,,,,,,,,,
frame_000696,default,,,,,,,,,,
frame_000697,default,,,,,,,,,,
frame_000698,default,,,,,,,,,,
frame_000699,default,,,,,,,,,,
frame_000700,default,,,,,,,,,,
frame_000701,default,,,,,,,,,,
frame_000702,default,,,,,,,,,,
frame_000703,default,,,,,,,,,,
frame_000704,default,,,,,,,,,,
frame_000705,default,,,,,,,,,,
frame_000706,default,,,,,,,,,,
frame_000707,default,,,,,,,,,,
frame_000708,default,,,,,,,,,,
frame_000709,default,,,,,,,,,,
frame_000710,default,,,,,,,,,,
frame_000711,default,,,,,,,,,,
frame_000712,default,,,,,,,,,,
frame_000713,default,,,,,,,,,,
frame_000714,default,,,,,,,,,,
frame_000715,default,,,,,,,,,,
frame_000716,default,,,,,,,,,,
frame_000717,default,,,,,,,,,,
frame_000718,default,,,,,,,,,,
frame_000719,default,,,,,,,,,,
frame_000720,default,,,,,,,,,,
frame_000721,default,,,,,,,,,,
frame_000722,default,,,,,,,,,,
frame_000723,default,,,,,,,,,,
frame_000724,default,,,,,,,,,,
frame_000725,default,,,,,,,,,,
frame_000726,default,,,,,,,,,,
frame_000727,default,,,,,,,,,,
frame_000728,default,,,,,,,,,,
frame_000729,default,,,,,,,,,,
frame_000730,default,,,,,,,,,,
frame_000731,default,,,,,,,,,,
frame_000732,default,,,,,,,,,,
frame_000733,default,,,,,,,,,,
frame_000734,default,,,,,,,,,,
frame_000735,default,,,,,,,,,,
frame_000736,default,,,,,,,,,,
frame_000737,default,,,,,,,,,,
frame_000738,default,,,,,,,,,,
frame_000739,default,,,,,,,,,,
frame_000740,default,,,,,,,,,,
frame_000741,default,,,,,,,,,,
frame_000742,default,,,,,,,,,,
frame_000743,default,,,,,,,,,,
frame_000744,default,,,,,,,,,,
frame_000745,default,,,,,,,,,,
frame_000746,default,,,,,,,,,,
frame_000747,default,,,,,,,,,,
frame_000748,default,,,,,,,,,,
frame_000749,default,,,,,,,,,,
frame_000750,default,,,,,,,,,,
frame_000751,default,,,,,,,,,,
frame_000752,default,,,,,,,,,,
frame_000753,default,,,,,,,,,,
frame_000754,default,,,,,,,,,,
frame_000755,default,,,,,,,,,,
frame_000756,default,,,,,,,,,,
frame_000757,default,,,,,,,,,,
frame_000758,default,,,,,,,,,,
frame_000759,default,,,,,,,,,,
frame_000760,default,,,,,,,,,,
frame_000761,default,,,,,,,,,,
frame_000762,default,,,,,,,,,,
frame_000763,default,,,,,,,,,,
frame_000764,default,,,,,,,,,,
frame_000765,default,,,,,,,,,,
frame_000766,default,,,,,,,,,,
frame_000767,default,,,,,,,,,,
frame_000768,default,,,,,,,,,,
frame_000769,default,,,,,,,,,,
frame_000770,default,,,,,,,,,,
frame_000771,default,,,,,,,,,,
frame_000772,default,,,,,,,,,,
frame_000773,default,,,,,,,,,,
frame_000774,default,,,,,,,,,,
frame_000775,default,,,,,,,,,,
frame_000776,default,,,,,,,,,,
frame_000777,default,,,,,,,,,,
frame_000778,default,,,,,,,,,,
frame_000779,default,,,,,,,,,,
frame_000780,default,,,,,,,,,,
frame_000781,default,,,,,,,,,,
frame_000782,default,,,,,,,,,,
frame_000783,default,,,,,,,,,,
frame_000784,default,,,,,,,,,,
frame_000785,default,,,,,,,,,,
frame_000786,default,,,,,,,,,,
frame_000787,default,,,,,,,,,,
frame_000788,default,,,,,,,,,,
frame_000789,default,,,,,,,,,,
frame_000790,default,,,,,,,,,,
frame_000791,default,,,,,,,,,,
frame_000792,default,,,,,,,,,,
frame_000793,default,,,,,,,,,,
frame_000794,default,,,,,,,,,,
frame_000795,default,,,,,,,,,,
frame_000796,default,,,,,,,,,,
frame_000797,default,,,,,,,,,,
frame_000798,default,,,,,,,,,,
frame_000799,default,,,,,,,,,,
frame_000800,default,,,,,,,,,,
frame_000801,default,,,,,,,,,,
frame_000802,default,,,,,,,,,,
frame_000803,default,,,,,,,,,,
frame_000804,default,,,,,,,,,,
frame_000805,default,,,,,,,,,,
frame_000806,default,,,,,,,,,,
frame_000807,default,,,,,,,,,,
frame_000808,default,,,,,,,,,,
frame_000809,default,,,,,,,,,,
frame_000810,default,,,,,,,,,,
frame_000811,default,,,,,,,,,,
frame_000812,default,,,,,,,,,,
frame_000813,default,,,,,,,,,,
frame_000814,default,,,,,,,,,,
frame_000815,default,,,,,,,,,,
frame_000816,default,,,,,,,,,,
frame_000817,default,,,,,,,,,,
frame_000818,default,,,,,,,,,,
frame_000819,default,,,,,,,,,,
frame_000820,default,,,,,,,,,,
frame_000821,default,,,,,,,,,,
frame_000822,default,,,,,,,,,,
frame_000823,default,,,,,,,,,,
frame_000824,default,,,,,,,,,,
frame_000825,default,,,,,,,,,,
frame_000826,default,,,,,,,,,,
frame_000827,default,,,,,,,,,,
frame_000828,default,,,,,,,,,,
frame_000829,default,,,,,,,,,,
frame_000830,default,,,,,,,,,,
frame_000831,default,,,,,,,,,,
frame_000832,default,,,,,,,,,,
frame_000833,default,,,,,,,,,,
frame_000834,default,,,,,,,,,,
frame_000835,default,,,,,,,,,,
frame_000836,default,,,,,,,,,,
frame_000837,default,,,,,,,,,,
frame_000838,default,,,,,,,,,,
frame_000839,default,,,,,,,,,,
frame_000840,default,,,,,,,,,,
frame_000841,default,,,,,,,,,,
frame_000842,default,,,,,,,,,,
frame_000843,default,,,,,,,,,,
frame_000844,default,,,,,,,,,,
frame_000845,default,,,,,,,,,,
frame_000846,default,,,,,,,,,,
frame_000847,default,,,,,,,,,,
frame_000848,default,,,,,,,,,,
frame_000849,default,,,,,,,,,,
frame_000850,default,,,,,,,,,,
frame_000851,default,,,,,,,,,,
frame_000852,default,,,,,,,,,,
frame_000853,default,,,,,,,,,,
frame_000854,default,,,,,,,,,,
frame_000855,default,,,,,,,,,,
frame_000856,default,,,,,,,,,,
frame_000857,default,,,,,,,,,,
frame_000858,default,,,,,,,,,,
frame_000859,default,,,,,,,,,,
frame_000860,default,,,,,,,,,,
frame_000861,default,,,,,,,,,,
frame_000862,default,,,,,,,,,,
frame_000863,default,,,,,,,,,,
frame_000864,default,,,,,,,,,,
frame_000865,default,,,,,,,,,,
frame_000866,default,,,,,,,,,,
frame_000867,default,,,,,,,,,,
frame_000868,default,,,,,,,,,,
frame_000869,default,,,,,,,,,,
frame_000870,default,,,,,,,,,,
frame_000871,default,,,,,,,,,,
frame_000872,default,,,,,,,,,,
frame_000873,default,,,,,,,,,,
frame_000874,default,,,,,,,,,,
frame_000875,default,,,,,,,,,,
frame_000876,default,,,,,,,,,,
frame_000877,default,,,,,,,,,,
frame_000878,default,,,,,,,,,,
frame_000879,default,,,,,,,,,,
frame_000880,default,,,,,,,,,,
frame_000881,default,,,,,,,,,,
frame_000882,default,,,,,,,,,,
frame_000883,default,,,,,,,,,,
frame_000884,default,,,,,,,,,,
frame_000885,default,,,,,,,,,,
frame_000886,default,,,,,,,,,,
frame_000887,default,,,,,,,,,,
frame_000888,default,,,,,,,,,,
frame_000889,default,,,,,,,,,,
frame_000890,default,,,,,,,,,,
frame_000891,default,,,,,,,,,,
frame_000892,default,,,,,,,,,,
frame_000893,default,,,,,,,,,,
frame_000894,default,,,,,,,,,,
frame_000895,default,,,,,,,,,,
frame_000896,default,,,,,,,,,,
frame_000897,default,,,,,,,,,,
frame_000898,default,,,,,,,,,,
frame_000899,default,,,,,,,,,,
frame_000900,default,,,,,,,,,,
frame_000901,default,,,,,,,,,,
frame_000902,default,,,,,,,,,,
frame_000903,default,,,,,,,,,,
frame_000904,default,,,,,,,,,,
frame_000905,default,,,,,,,,,,
frame_000906,default,,,,,,,,,,
frame_000907,default,,,,,,,,,,
frame_000908,default,,,,,,,,,,
frame_000909,default,,,,,,,,,,
frame_000910,default,,,,,,,,,,
frame_000911,default,,,,,,,,,,
frame_000912,default,,,,,,,,,,
frame_000913,default,,,,,,,,,,
frame_000914,default,,,,,,,,,,
frame_000915,default,,,,,,,,,,
frame_000916,default,,,,,,,,,,
frame_000917,default,,,,,,,,,,
frame_000918,default,,,,,,,,,,
frame_000919,default,,,,,,,,,,
frame_000920,default,,,,,,,,,,
frame_000921,default,,,,,,,,,,
frame_000922,default,,,,,,,,,,
frame_000923,default,,,,,,,,,,
frame_000924,default,,,,,,,,,,
frame_000925,default,,,,,,,,,,
frame_000926,default,,,,,,,,,,
frame_000927,default,,,,,,,,,,
frame_000928,default,,,,,,,,,,
frame_000929,default,,,,,,,,,,
frame_000930,default,,,,,,,,,,
frame_000931,default,,,,,,,,,,
frame_000932,default,,,,,,,,,,
frame_000933,default,,,,,,,,,,
frame_000934,default,,,,,,,,,,
frame_000935,default,,,,,,,,,,
frame_000936,default,,,,,,,,,,
frame_000937,default,,,,,,,,,,
frame_000938,default,,,,,,,,,,
frame_000939,default,,,,,,,,,,
frame_000940,default,,,,,,,,,,
frame_000941,default,,,,,,,,,,
frame_000942,default,,,,,,,,,,
frame_000943,default,,,,,,,,,,
frame_000944,default,,,,,,,,,,
frame_000945,default,,,,,,,,,,
frame_000946,default,,,,,,,,,,
frame_000947,default,,,,,,,,,,
frame_000948,default,,,,,,,,,,
frame_000949,default,,,,,,,,,,
frame_000950,default,,,,,,,,,,
frame_000951,default,,,,,,,,,,
frame_000952,default,,,,,,,,,,
frame_000953,default,,,,,,,,,,
frame_000954,default,,,,,,,,,,
frame_000955,default,,,,,,,,,,
frame_000956,default,,,,,,,,,,
frame_000957,default,,,,,,,,,,
frame_000958,default,,,,,,,,,,
frame_000959,default,,,,,,,,,,
frame_000960,default,,,,,,,,,,
frame_000961,default,,,,,,,,,,
frame_000962,default,,,,,,,,,,
frame_000963,default,,,,,,,,,,
frame_000964,default,,,,,,,,,,
frame_000965,default,,,,,,,,,,
frame_000966,default,,,,,,,,,,
frame_000967,default,,,,,,,,,,
frame_000968,default,,,,,,,,,,
frame_000969,default,,,,,,,,,,
frame_000970,default,,,,,,,,,,
frame_000971,default,,,,,,,,,,
frame_000972,default,,,,,,,,,,
frame_000973,default,,,,,,,,,,
frame_000974,default,,,,,,,,,,
frame_000975,default,,,,,,,,,,
frame_000976,default,,,,,,,,,,
frame_000977,default,,,,,,,,,,
frame_000978,default,,,,,,,,,,
frame_000979,default,,,,,,,,,,
frame_000980,default,,,,,,,,,,
frame_000981,default,,,,,,,,,,
frame_000982,default,,,,,,,,,,
frame_000983,default,,,,,,,,,,
frame_000984,default,,,,,,,,,,
frame_000985,default,,,,,,,,,,
frame_000986,default,,,,,,,,,,
frame_000987,default,,,,,,,,,,
frame_000988,default,,,,,,,,,,
frame_000989,default,,,,,,,,,,
frame_000990,default,,,,,,,,,,
frame_000991,default,,,,,,,,,,
frame_000992,default,,,,,,,,,,
frame_000993,default,,,,,,,,,,
frame_000994,default,,,,,,,,,,
frame_000995,default,,,,,,,,,,
frame_000996,default,,,,,,,,,,
frame_000997,default,,,,,,,,,,
frame_000998,default,,,,,,,,,,
frame_000999,default,,,,,,,,,,
frame_001000,default,,,,,,,,,,
frame_001001,default,,,,,,,,,,
frame_001002,default,,,,,,,,,,
frame_001003,default,,,,,,,,,,
frame_001004,default,,,,,,,,,,
frame_001005,default,,,,,,,,,,
frame_001006,default,,,,,,,,,,
frame_001007,default,,,,,,,,,,
frame_001008,default,,,,,,,,,,
frame_001009,default,,,,,,,,,,
frame_001010,default,,,,,,,,,,
frame_001011,default,,,,,,,,,,
frame_001012,default,,,,,,,,,,
frame_001013,default,,,,,,,,,,
frame_001014,default,,,,,,,,,,
frame_001015,default,,,,,,,,,,
frame_001016,default,,,,,,,,,,
frame_001017,default,,,,,,,,,,
frame_001018,default,,,,,,,,,,
frame_001019,default,,,,,,,,,,
frame_001020,default,,,,,,,,,,
frame_001021,default,,,,,,,,,,
frame_001022,default,,,,,,,,,,
frame_001023,default,,,,,,,,,,
frame_001024,default,,,,,,,,,,
frame_001025,default,,,,,,,,,,
frame_001026,default,,,,,,,,,,
frame_001027,default,,,,,,,,,,
frame_001028,default,,,,,,,,,,
frame_001029,default,,,,,,,,,,
frame_001030,default,,,,,,,,,,
frame_001031,default,,,,,,,,,,
frame_001032,default,,,,,,,,,,
frame_001033,default,,,,,,,,,,
frame_001034,default,,,,,,,,,,
frame_001035,default,,,,,,,,,,
frame_001036,default,,,,,,,,,,
frame_001037,default,,,,,,,,,,
frame_001038,default,,,,,,,,,,
frame_001039,default,,,,,,,,,,
frame_001040,default,,,,,,,,,,
frame_001041,default,,,,,,,,,,
frame_001042,default,,,,,,,,,,
frame_001043,default,,,,,,,,,,
frame_001044,default,,,,,,,,,,
frame_001045,default,,,,,,,,,,
frame_001046,default,,,,,,,,,,
frame_001047,default,,,,,,,,,,
frame_001048,default,,,,,,,,,,
frame_001049,default,,,,,,,,,,
frame_001050,default,,,,,,,,,,
frame_001051,default,,,,,,,,,,
frame_001052,default,,,,,,,,,,
frame_001053,default,,,,,,,,,,
frame_001054,default,,,,,,,,,,
frame_001055,default,,,,,,,,,,
frame_001056,default,,,,,,,,,,
frame_001057,default,,,,,,,,,,
frame_001058,default,,,,,,,,,,
frame_001059,default,,,,,,,,,,
frame_001060,default,,,,,,,,,,
frame_001061,default,,,,,,,,,,
frame_001062,default,,,,,,,,,,
frame_001063,default,,,,,,,,,,
frame_001064,default,,,,,,,,,,
frame_001065,default,,,,,,,,,,
frame_001066,default,,,,,,,,,,
frame_001067,default,,,,,,,,,,
frame_001068,default,,,,,,,,,,
frame_001069,default,,,,,,,,,,
frame_001070,default,,,,,,,,,,
frame_001071,default,,,,,,,,,,
frame_001072,default,,,,,,,,,,
frame_001073,default,,,,,,,,,,
frame_001074,default,,,,,,,,,,
frame_001075,default,,,,,,,,,,
frame_001076,default,,,,,,,,,,
frame_001077,default,,,,,,,,,,
frame_001078,default,,,,,,,,,,
frame_001079,default,,,,,,,,,,
frame_001080,default,,,,,,,,,,
frame_001081,default,,,,,,,,,,
frame_001082,default,,,,,,,,,,
frame_001083,default,,,,,,,,,,
frame_001084,default,,,,,,,,,,
frame_001085,default,,,,,,,,,,
frame_001086,default,,,,,,,,,,
frame_001087,default,,,,,,,,,,
frame_001088,default,,,,,,,,,,
frame_001089,default,,,,,,,,,,
frame_001090,default,,,,,,,,,,
frame_001091,default,,,,,,,,,,
frame_001092,default,,,,,,,,,,
frame_001093,default,,,,,,,,,,
frame_001094,default,,,,,,,,,,
frame_001095,default,,,,,,,,,,
frame_001096,default,,,,,,,,,,
frame_001097,default,,,,,,,,,,
frame_001098,default,,,,,,,,,,
frame_001099,default,,,,,,,,,,
frame_001100,default,,,,,,,,,,
frame_001101,default,,,,,,,,,,
frame_001102,default,,,,,,,,,,
frame_001103,default,,,,,,,,,,
frame_001104,default,,,,,,,,,,
frame_001105,default,,,,,,,,,,
frame_001106,default,,,,,,,,,,
frame_001107,default,,,,,,,,,,
frame_001108,default,,,,,,,,,,
frame_001109,default,,,,,,,,,,
frame_001110,default,,,,,,,,,,
frame_001111,default,,,,,,,,,,
frame_001112,default,,,,,,,,,,
frame_001113,default,,,,,,,,,,
frame_001114,default,,,,,,,,,,
frame_001115,default,,,,,,,,,,
frame_001116,default,,,,,,,,,,
frame_001117,default,,,,,,,,,,
frame_001118,default,,,,,,,,,,
frame_001119,default,,,,,,,,,,
frame_001120,default,,,,,,,,,,
frame_001121,default,,,,,,,,,,
frame_001122,default,,,,,,,,,,
frame_001123,default,,,,,,,,,,
frame_001124,default,,,,,,,,,,
frame_001125,default,,,,,,,,,,
frame_001126,default,,,,,,,,,,
frame_001127,default,,,,,,,,,,
frame_001128,default,,,,,,,,,,
frame_001129,default,,,,,,,,,,
frame_001130,default,,,,,,,,,,
frame_001131,default,,,,,,,,,,
frame_001132,default,,,,,,,,,,
frame_001133,default,,,,,,,,,,
frame_001134,default,,,,,,,,,,
frame_001135,default,,,,,,,,,,
frame_001136,default,,,,,,,,,,
frame_001137,default,,,,,,,,,,
frame_001138,default,,,,,,,,,,
frame_001139,default,,,,,,,,,,
frame_001140,default,,,,,,,,,,
frame_001141,default,,,,,,,,,,
frame_001142,default,,,,,,,,,,
frame_001143,default,,,,,,,,,,
frame_001144,default,,,,,,,,,,
frame_001145,default,,,,,,,,,,
frame_001146,default,,,,,,,,,,
frame_001147,default,,,,,,,,,,
frame_001148,default,,,,,,,,,,
frame_001149,default,,,,,,,,,,
frame_001150,default,,,,,,,,,,
frame_001151,default,,,,,,,,,,
frame_001152,default,,,,,,,,,,
frame_001153,default,,,,,,,,,,
frame_001154,default,,,,,,,,,,
frame_001155,default,,,,,,,,,,
frame_001156,default,,,,,,,,,,
frame_001157,default,,,,,,,,,,
frame_001158,default,,,,,,,,,,
frame_001159,default,,,,,,,,,,
frame_001160,default,,,,,,,,,,
frame_001161,default,,,,,,,,,,
frame_001162,default,,,,,,,,,,
frame_001163,default,,,,,,,,,,
frame_001164,default,,,,,,,,,,
frame_001165,default,,,,,,,,,,
frame_001166,default,,,,,,,,,,
frame_001167,default,,,,,,,,,,
frame_001168,default,,,,,,,,,,
frame_001169,default,,,,,,,,,,
frame_001170,default,,,,,,,,,,
frame_001171,default,,,,,,,,,,
frame_001172,default,,,,,,,,,,
frame_001173,default,,,,,,,,,,
frame_001174,default,,,,,,,,,,
frame_001175,default,,,,,,,,,,
frame_001176,default,,,,,,,,,,
frame_001177,default,,,,,,,,,,
frame_001178,default,,,,,,,,,,
frame_001179,default,,,,,,,,,,
frame_001180,default,,,,,,,,,,
frame_001181,default,,,,,,,,,,
frame_001182,default,,,,,,,,,,
frame_001183,default,,,,,,,,,,
frame_001184,default,,,,,,,,,,
frame_001185,default,,,,,,,,,,
frame_001186,default,,,,,,,,,,
frame_001187,default,,,,,,,,,,
frame_001188,default,,,,,,,,,,
frame_001189,default,,,,,,,,,,
frame_001190,default,,,,,,,,,,
frame_001191,default,,,,,,,,,,
frame_001192,default,,,,,,,,,,
frame_001193,default,,,,,,,,,,
frame_001194,default,,,,,,,,,,
frame_001195,default,,,,,,,,,,
frame_001196,default,,,,,,,,,,
frame_001197,default,,,,,,,,,,
frame_001198,default,,,,,,,,,,
frame_001199,default,,,,,,,,,,
frame_001200,default,,,,,,,,,,
frame_001201,default,,,,,,,,,,
frame_001202,default,,,,,,,,,,
frame_001203,default,,,,,,,,,,
frame_001204,default,,,,,,,,,,
frame_001205,default,,,,,,,,,,
frame_001206,default,,,,,,,,,,
frame_001207,default,,,,,,,,,,
frame_001208,default,,,,,,,,,,
frame_001209,default,,,,,,,,,,
frame_001210,default,,,,,,,,,,
frame_001211,default,,,,,,,,,,
frame_001212,default,,,,,,,,,,
frame_001213,default,,,,,,,,,,
frame_001214,default,,,,,,,,,,
frame_001215,default,,,,,,,,,,
frame_001216,default,,,,,,,,,,
frame_001217,default,,,,,,,,,,
frame_001218,default,,,,,,,,,,
frame_001219,default,,,,,,,,,,
frame_001220,default,,,,,,,,,,
frame_001221,default,,,,,,,,,,
frame_001222,default,,,,,,,,,,
frame_001223,default,,,,,,,,,,
frame_001224,default,,,,,,,,,,
frame_001225,default,,,,,,,,,,
frame_001226,default,,,,,,,,,,
frame_001227,default,,,,,,,,,,
frame_001228,default,,,,,,,,,,
frame_001229,default,,,,,,,,,,
frame_001230,default,,,,,,,,,,
frame_001231,default,,,,,,,,,,
frame_001232,default,,,,,,,,,,
frame_001233,default,,,,,,,,,,
frame_001234,default,,,,,,,,,,
frame_001235,default,,,,,,,,,,
frame_001236,default,,,,,,,,,,
frame_001237,default,,,,,,,,,,
frame_001238,default,,,,,,,,,,
frame_001239,default,,,,,,,,,,
frame_001240,default,,,,,,,,,,
frame_001241,default,,,,,,,,,,
frame_001242,default,,,,,,,,,,
frame_001243,default,,,,,,,,,,
frame_001244,default,,,,,,,,,,
frame_001245,default,,,,,,,,,,
frame_001246,default,,,,,,,,,,
frame_001247,default,,,,,,,,,,
frame_001248,default,,,,,,,,,,
frame_001249,default,,,,,,,,,,
frame_001250,default,,,,,,,,,,
frame_001251,default,,,,,,,,,,
frame_001252,default,,,,,,,,,,
frame_001253,default,,,,,,,,,,
frame_001254,default,,,,,,,,,,
frame_001255,default,,,,,,,,,,
frame_001256,default,,,,,,,,,,
frame_001257,default,,,,,,,,,,
frame_001258,default,,,,,,,,,,
frame_001259,default,,,,,,,,,,
frame_001260,default,,,,,,,,,,
frame_001261,default,,,,,,,,,,
frame_001262,default,,,,,,,,,,
frame_001263,default,,,,,,,,,,
frame_001264,default,,,,,,,,,,
frame_001265,default,,,,,,,,,,
frame_001266,default,,,,,,,,,,
frame_001267,default,,,,,,,,,,
frame_001268,default,,,,,,,,,,
frame_001269,default,,,,,,,,,,
frame_001270,default,,,,,,,,,,
frame_001271,default,,,,,,,,,,
frame_001272,default,,,,,,,,,,
frame_001273,default,,,,,,,,,,
frame_001274,default,,,,,,,,,,
frame_001275,default,,,,,,,,,,
frame_001276,default,,,,,,,,,,
frame_001277,default,,,,,,,,,,
frame_001278,default,,,,,,,,,,
frame_001279,default,,,,,,,,,,
frame_001280,default,,,,,,,,,,
frame_001281,default,,,,,,,,,,
frame_001282,default,,,,,,,,,,
frame_001283,default,,,,,,,,,,
frame_001284,default,,,,,,,,,,
frame_001285,default,,,,,,,,,,
frame_001286,default,,,,,,,,,,
frame_001287,default,,,,,,,,,,
frame_001288,default,,,,,,,,,,
frame_001289,default,,,,,,,,,,
frame_001290,default,,,,,,,,,,
frame_001291,default,,,,,,,,,,
frame_001292,default,,,,,,,,,,
frame_001293,default,,,,,,,,,,
frame_001294,default,,,,,,,,,,
frame_001295,default,,,,,,,,,,
frame_001296,default,,,,,,,,,,
frame_001297,default,,,,,,,,,,
frame_001298,default,,,,,,,,,,
frame_001299,default,,,,,,,,,,
frame_001300,default,,,,,,,,,,
frame_001301,default,,,,,,,,,,
frame_001302,default,,,,,,,,,,
frame_001303,default,,,,,,,,,,
frame_001304,default,,,,,,,,,,
frame_001305,default,,,,,,,,,,
frame_001306,default,,,,,,,,,,
frame_001307,default,,,,,,,,,,
frame_001308,default,,,,,,,,,,
frame_001309,default,,,,,,,,,,
frame_001310,default,,,,,,,,,,
frame_001311,default,,,,,,,,,,
frame_001312,default,,,,,,,,,,
frame_001313,default,,,,,,,,,,
frame_001314,default,,,,,,,,,,
frame_001315,default,,,,,,,,,,
frame_001316,default,,,,,,,,,,
frame_001317,default,,,,,,,,,,
frame_001318,default,,,,,,,,,,
frame_001319,default,,,,,,,,,,
frame_001320,default,,,,,,,,,,
frame_001321,default,,,,,,,,,,
frame_001322,default,,,,,,,,,,
frame_001323,default,,,,,,,,,,
frame_001324,default,,,,,,,,,,
frame_001325,default,,,,,,,,,,
frame_001326,default,,,,,,,,,,
frame_001327,default,,,,,,,,,,
frame_001328,default,,,,,,,,,,
frame_001329,default,,,,,,,,,,
frame_001330,default,,,,,,,,,,
frame_001331,default,,,,,,,,,,
frame_001332,default,,,,,,,,,,
frame_001333,default,,,,,,,,,,
frame_001334,default,,,,,,,,,,
frame_001335,default,,,,,,,,,,
frame_001336,default,,,,,,,,,,
frame_001337,default,,,,,,,,,,
frame_001338,default,,,,,,,,,,
frame_001339,default,,,,,,,,,,
frame_001340,default,,,,,,,,,,
frame_001341,default,,,,,,,,,,
frame_001342,default,,,,,,,,,,
frame_001343,default,,,,,,,,,,
frame_001344,default,,,,,,,,,,
frame_001345,default,,,,,,,,,,
frame_001346,default,,,,,,,,,,
frame_001347,default,,,,,,,,,,
frame_001348,default,,,,,,,,,,
frame_001349,default,,,,,,,,,,
frame_001350,default,,,,,,,,,,
frame_001351,default,,,,,,,,,,
frame_001352,default,,,,,,,,,,
frame_001353,default,,,,,,,,,,
frame_001354,default,,,,,,,,,,
frame_001355,default,,,,,,,,,,
frame_001356,default,,,,,,,,,,
frame_001357,default,,,,,,,,,,
frame_001358,default,,,,,,,,,,
frame_001359,default,,,,,,,,,,
frame_001360,default,,,,,,,,,,
frame_001361,default,,,,,,,,,,
frame_001362,default,,,,,,,,,,
frame_001363,default,,,,,,,,,,
frame_001364,default,,,,,,,,,,
frame_001365,default,,,,,,,,,,
frame_001366,default,,,,,,,,,,
frame_001367,default,,,,,,,,,,
frame_001368,default,,,,,,,,,,
frame_001369,default,,,,,,,,,,
frame_001370,default,,,,,,,,,,
frame_001371,default,,,,,,,,,,
frame_001372,default,,,,,,,,,,
frame_001373,default,,,,,,,,,,
frame_001374,default,,,,,,,,,,
frame_001375,default,,,,,,,,,,
frame_001376,default,,,,,,,,,,
frame_001377,default,,,,,,,,,,
frame_001378,default,,,,,,,,,,
frame_001379,default,,,,,,,,,,
frame_001380,default,,,,,,,,,,
frame_001381,default,,,,,,,,,,
frame_001382,default,,,,,,,,,,
frame_001383,default,,,,,,,,,,
frame_001384,default,,,,,,,,,,
frame_001385,default,,,,,,,,,,
frame_001386,default,,,,,,,,,,
frame_001387,default,,,,,,,,,,
frame_001388,default,,,,,,,,,,
frame_001389,default,,,,,,,,,,
frame_001390,default,,,,,,,,,,
frame_001391,default,,,,,,,,,,
frame_001392,default,,,,,,,,,,
frame_001393,default,,,,,,,,,,
frame_001394,default,,,,,,,,,,
frame_001395,default,,,,,,,,,,
frame_001396,default,,,,,,,,,,
frame_001397,default,,,,,,,,,,
frame_001398,default,,,,,,,,,,
frame_001399,default,,,,,,,,,,
frame_001400,default,,,,,,,,,,
frame_001401,default,,,,,,,,,,
frame_001402,default,,,,,,,,,,
frame_001403,default,,,,,,,,,,
frame_001404,default,,,,,,,,,,
frame_001405,default,,,,,,,,,,
frame_001406,default,,,,,,,,,,
frame_001407,default,,,,,,,,,,
frame_001408,default,,,,,,,,,,
frame_001409,default,,,,,,,,,,
frame_001410,default,,,,,,,,,,
frame_001411,default,,,,,,,,,,
frame_001412,default,,,,,,,,,,
frame_001413,default,,,,,,,,,,
frame_001414,default,,,,,,,,,,
frame_001415,default,,,,,,,,,,
frame_001416,default,,,,,,,,,,
frame_001417,default,,,,,,,,,,
frame_001418,default,,,,,,,,,,
frame_001419,default,,,,,,,,,,
frame_001420,default,,,,,,,,,,
frame_001421,default,,,,,,,,,,
frame_001422,default,,,,,,,,,,
frame_001423,default,,,,,,,,,,
frame_001424,default,,,,,,,,,,
frame_001425,default,,,,,,,,,,
frame_001426,default,,,,,,,,,,
frame_001427,default,,,,,,,,,,
frame_001428,default,,,,,,,,,,
frame_001429,default,,,,,,,,,,
frame_001430,default,,,,,,,,,,
frame_001431,default,,,,,,,,,,
frame_001432,default,,,,,,,,,,
frame_001433,default,,,,,,,,,,
frame_001434,default,,,,,,,,,,
frame_001435,default,,,,,,,,,,
frame_001436,default,,,,,,,,,,
frame_001437,default,,,,,,,,,,
frame_001438,default,,,,,,,,,,
frame_001439,default,,,,,,,,,,
frame_001440,default,,,,,,,,,,
frame_001441,default,,,,,,,,,,
frame_001442,default,,,,,,,,,,
frame_001443,default,,,,,,,,,,
frame_001444,default,,,,,,,,,,
frame_001445,default,,,,,,,,,,
frame_001446,default,,,,,,,,,,
frame_001447,default,,,,,,,,,,
frame_001448,default,,,,,,,,,,
frame_001449,default,,,,,,,,,,
frame_001450,default,,,,,,,,,,
frame_001451,default,,,,,,,,,,
frame_001452,default,,,,,,,,,,
frame_001453,default,,,,,,,,,,
frame_001454,default,,,,,,,,,,
frame_001455,default,,,,,,,,,,
frame_001456,default,,,,,,,,,,
frame_001457,default,,,,,,,,,,
frame_001458,default,,,,,,,,,,
frame_001459,default,,,,,,,,,,
frame_001460,default,,,,,,,,,,
frame_001461,default,,,,,,,,,,
frame_001462,default,,,,,,,,,,
frame_001463,default,,,,,,,,,,
frame_001464,default,,,,,,,,,,
frame_001465,default,,,,,,,,,,
frame_001466,default,,,,,,,,,,
frame_001467,default,,,,,,,,,,
frame_001468,default,,,,,,,,,,
frame_001469,default,,,,,,,,,,
frame_001470,default,,,,,,,,,,
frame_001471,default,,,,,,,,,,
frame_001472,default,,,,,,,,,,
frame_001473,default,,,,,,,,,,
frame_001474,default,,,,,,,,,,
frame_001475,default,,,,,,,,,,
frame_001476,default,,,,,,,,,,
frame_001477,default,,,,,,,,,,
frame_001478,default,,,,,,,,,,
frame_001479,default,,,,,,,,,,
frame_001480,default,,,,,,,,,,
frame_001481,default,,,,,,,,,,
frame_001482,default,,,,,,,,,,
frame_001483,default,,,,,,,,,,
frame_001484,default,,,,,,,,,,
frame_001485,default,,,,,,,,,,
frame_001486,default,,,,,,,,,,
frame_001487,default,,,,,,,,,,
frame_001488,default,,,,,,,,,,
frame_001489,default,,,,,,,,,,
frame_001490,default,,,,,,,,,,
frame_001491,default,,,,,,,,,,
frame_001492,default,,,,,,,,,,
frame_001493,default,,,,,,,,,,
frame_001494,default,,,,,,,,,,
frame_001495,default,,,,,,,,,,
frame_001496,default,,,,,,,,,,
frame_001497,default,,,,,,,,,,
frame_001498,default,,,,,,,,,,
frame_001499,default,,,,,,,,,,
frame_001500,default,,,,,,,,,,
frame_001501,default,,,,,,,,,,
frame_001502,default,,,,,,,,,,
frame_001503,default,,,,,,,,,,
frame_001504,default,,,,,,,,,,
frame_001505,default,,,,,,,,,,
frame_001506,default,,,,,,,,,,
frame_001507,default,,,,,,,,,,
frame_001508,default,,,,,,,,,,
frame_001509,default,,,,,,,,,,
frame_001510,default,,,,,,,,,,
frame_001511,default,,,,,,,,,,
frame_001512,default,,,,,,,,,,
frame_001513,default,,,,,,,,,,
frame_001514,default,,,,,,,,,,
frame_001515,default,,,,,,,,,,
frame_001516,default,,,,,,,,,,
frame_001517,default,,,,,,,,,,
frame_001518,default,,,,,,,,,,
frame_001519,default,,,,,,,,,,
frame_001520,default,,,,,,,,,,
frame_001521,default,,,,,,,,,,
frame_001522,default,,,,,,,,,,
frame_001523,default,,,,,,,,,,
frame_001524,default,,,,,,,,,,
frame_001525,default,,,,,,,,,,
frame_001526,default,,,,,,,,,,
frame_001527,default,,,,,,,,,,
frame_001528,default,,,,,,,,,,
frame_001529,default,,,,,,,,,,
frame_001530,default,,,,,,,,,,
frame_001531,default,,,,,,,,,,
frame_001532,default,,,,,,,,,,
frame_001533,default,,,,,,,,,,
frame_001534,default,,,,,,,,,,
frame_001535,default,,,,,,,,,,
frame_001536,default,,,,,,,,,,
frame_001537,default,,,,,,,,,,
frame_001538,default,,,,,,,,,,
frame_001539,default,,,,,,,,,,
frame_001540,default,,,,,,,,,,
frame_001541,default,,,,,,,,,,
frame_001542,default,,,,,,,,,,
frame_001543,default,,,,,,,,,,
frame_001544,default,,,,,,,,,,
frame_001545,default,,,,,,,,,,
frame_001546,default,,,,,,,,,,
frame_001547,default,,,,,,,,,,
frame_001548,default,,,,,,,,,,
frame_001549,default,,,,,,,,,,
frame_001550,default,,,,,,,,,,
frame_001551,default,,,,,,,,,,
frame_001552,default,,,,,,,,,,
frame_001553,default,,,,,,,,,,
frame_001554,default,,,,,,,,,,
frame_001555,default,,,,,,,,,,
frame_001556,default,,,,,,,,,,
frame_001557,default,,,,,,,,,,
frame_001558,default,,,,,,,,,,
frame_001559,default,,,,,,,,,,
frame_001560,default,,,,,,,,,,
frame_001561,default,,,,,,,,,,
frame_001562,default,,,,,,,,,,
frame_001563,default,,,,,,,,,,
frame_001564,default,,,,,,,,,,
frame_001565,default,,,,,,,,,,
frame_001566,default,,,,,,,,,,
frame_001567,default,,,,,,,,,,
frame_001568,default,,,,,,,,,,
frame_001569,default,,,,,,,,,,
frame_001570,default,,,,,,,,,,
frame_001571,default,,,,,,,,,,
frame_001572,default,,,,,,,,,,
frame_001573,default,,,,,,,,,,
frame_001574,default,,,,,,,,,,
frame_001575,default,,,,,,,,,,
frame_001576,default,,,,,,,,,,
frame_001577,default,,,,,,,,,,
frame_001578,default,,,,,,,,,,
frame_001579,default,,,,,,,,,,
frame_001580,default,,,,,,,,,,
frame_001581,default,,,,,,,,,,
frame_001582,default,,,,,,,,,,
frame_001583,default,,,,,,,,,,
frame_001584,default,,,,,,,,,,
frame_001585,default,,,,,,,,,,
frame_001586,default,,,,,,,,,,
frame_001587,default,,,,,,,,,,
frame_001588,default,,,,,,,,,,
frame_001589,default,,,,,,,,,,
frame_001590,default,,,,,,,,,,
frame_001591,default,,,,,,,,,,
frame_001592,default,,,,,,,,,,
frame_001593,default,,,,,,,,,,
frame_001594,default,,,,,,,,,,
frame_001595,default,,,,,,,,,,
frame_001596,default,,,,,,,,,,
frame_001597,default,,,,,,,,,,
frame_001598,default,,,,,,,,,,
frame_001599,default,,,,,,,,,,
frame_001600,default,,,,,,,,,,
frame_001601,default,,,,,,,,,,
frame_001602,default,,,,,,,,,,
frame_001603,default,,,,,,,,,,
frame_001604,default,,,,,,,,,,
frame_001605,default,,,,,,,,,,
frame_001606,default,,,,,,,,,,
frame_001607,default,,,,,,,,,,
frame_001608,default,,,,,,,,,,
frame_001609,default,,,,,,,,,,
frame_001610,default,,,,,,,,,,
frame_001611,default,,,,,,,,,,
frame_001612,default,,,,,,,,,,
frame_001613,default,,,,,,,,,,
frame_001614,default,,,,,,,,,,
frame_001615,default,,,,,,,,,,
frame_001616,default,,,,,,,,,,
frame_001617,default,,,,,,,,,,
frame_001618,default,,,,,,,,,,
frame_001619,default,,,,,,,,,,
frame_001620,default,,,,,,,,,,
frame_001621,default,,,,,,,,,,
frame_001622,default,,,,,,,,,,
frame_001623,default,,,,,,,,,,
frame_001624,default,,,,,,,,,,
frame_001625,default,,,,,,,,,,
frame_001626,default,,,,,,,,,,
frame_001627,default,,,,,,,,,,
frame_001628,default,,,,,,,,,,
frame_001629,default,,,,,,,,,,
frame_001630,default,,,,,,,,,,
frame_001631,default,,,,,,,,,,
frame_001632,default,,,,,,,,,,
frame_001633,default,,,,,,,,,,
frame_001634,default,,,,,,,,,,
frame_001635,default,,,,,,,,,,
frame_001636,default,,,,,,,,,,
frame_001637,default,,,,,,,,,,
frame_001638,default,,,,,,,,,,
frame_001639,default,,,,,,,,,,
frame_001640,default,,,,,,,,,,
frame_001641,default,,,,,,,,,,
frame_001642,default,,,,,,,,,,
frame_001643,default,,,,,,,,,,
frame_001644,default,,,,,,,,,,
frame_001645,default,,,,,,,,,,
frame_001646,default,,,,,,,,,,
frame_001647,default,,,,,,,,,,
frame_001648,default,,,,,,,,,,
frame_001649,default,,,,,,,,,,
frame_001650,default,,,,,,,,,,
frame_001651,default,,,,,,,,,,
frame_001652,default,,,,,,,,,,
frame_001653,default,,,,,,,,,,
frame_001654,default,,,,,,,,,,
frame_001655,default,,,,,,,,,,
frame_001656,default,,,,,,,,,,
frame_001657,default,,,,,,,,,,
frame_001658,default,,,,,,,,,,
frame_001659,default,,,,,,,,,,
frame_001660,default,,,,,,,,,,
frame_001661,default,,,,,,,,,,
frame_001662,default,,,,,,,,,,
frame_001663,default,,,,,,,,,,
frame_001664,default,,,,,,,,,,
frame_001665,default,,,,,,,,,,
frame_001666,default,,,,,,,,,,
frame_001667,default,,,,,,,,,,
frame_001668,default,,,,,,,,,,
frame_001669,default,,,,,,,,,,
frame_001670,default,,,,,,,,,,
frame_001671,default,,,,,,,,,,
frame_001672,default,,,,,,,,,,
frame_001673,default,,,,,,,,,,
frame_001674,default,,,,,,,,,,
frame_001675,default,,,,,,,,,,
frame_001676,default,,,,,,,,,,
frame_001677,default,,,,,,,,,,
frame_001678,default,,,,,,,,,,
frame_001679,default,,,,,,,,,,
frame_001680,default,,,,,,,,,,
frame_001681,default,,,,,,,,,,
frame_001682,default,,,,,,,,,,
frame_001683,default,,,,,,,,,,
frame_001684,default,,,,,,,,,,
frame_001685,default,,,,,,,,,,
frame_001686,default,,,,,,,,,,
frame_001687,default,,,,,,,,,,
frame_001688,default,,,,,,,,,,
frame_001689,default,,,,,,,,,,
frame_001690,default,,,,,,,,,,
frame_001691,default,,,,,,,,,,
frame_001692,default,,,,,,,,,,
frame_001693,default,,,,,,,,,,
frame_001694,default,,,,,,,,,,
frame_001695,default,,,,,,,,,,
frame_001696,default,,,,,,,,,,
frame_001697,default,,,,,,,,,,
frame_001698,default,,,,,,,,,,
frame_001699,default,,,,,,,,,,
frame_001700,default,,,,,,,,,,
frame_001701,default,,,,,,,,,,
frame_001702,default,,,,,,,,,,
frame_001703,default,,,,,,,,,,
frame_001704,default,,,,,,,,,,
frame_001705,default,,,,,,,,,,
frame_001706,default,,,,,,,,,,
frame_001707,default,,,,,,,,,,
frame_001708,default,,,,,,,,,,
frame_001709,default,,,,,,,,,,
frame_001710,default,,,,,,,,,,
frame_001711,default,,,,,,,,,,
frame_001712,default,,,,,,,,,,
frame_001713,default,,,,,,,,,,
frame_001714,default,,,,,,,,,,
frame_001715,default,,,,,,,,,,
frame_001716,default,,,,,,,,,,
frame_001717,default,,,,,,,,,,
frame_001718,default,,,,,,,,,,
frame_001719,default,,,,,,,,,,
frame_001720,default,,,,,,,,,,
frame_001721,default,,,,,,,,,,
frame_001722,default,,,,,,,,,,
frame_001723,default,,,,,,,,,,
frame_001724,default,,,,,,,,,,
frame_001725,default,,,,,,,,,,
frame_001726,default,,,,,,,,,,
frame_001727,default,,,,,,,,,,
frame_001728,default,,,,,,,,,,
frame_001729,default,,,,,,,,,,
frame_001730,default,,,,,,,,,,
frame_001731,default,,,,,,,,,,
frame_001732,default,,,,,,,,,,
frame_001733,default,,,,,,,,,,
frame_001734,default,,,,,,,,,,
frame_001735,default,,,,,,,,,,
frame_001736,default,,,,,,,,,,
frame_001737,default,,,,,,,,,,
frame_001738,default,,,,,,,,,,
frame_001739,default,,,,,,,,,,
frame_001740,default,,,,,,,,,,
frame_001741,default,,,,,,,,,,
frame_001742,default,,,,,,,,,,
frame_001743,default,,,,,,,,,,
frame_001744,default,,,,,,,,,,
frame_001745,default,,,,,,,,,,
frame_001746,default,,,,,,,,,,
frame_001747,default,,,,,,,,,,
frame_001748,default,,,,,,,,,,
frame_001749,default,,,,,,,,,,
frame_001750,default,,,,,,,,,,
frame_001751,default,,,,,,,,,,
frame_001752,default,,,,,,,,,,
frame_001753,default,,,,,,,,,,
frame_001754,default,,,,,,,,,,
frame_001755,default,,,,,,,,,,
frame_001756,default,,,,,,,,,,
frame_001757,default,,,,,,,,,,
frame_001758,default,,,,,,,,,,
frame_001759,default,,,,,,,,,,
frame_001760,default,,,,,,,,,,
frame_001761,default,,,,,,,,,,
frame_001762,default,,,,,,,,,,
frame_001763,default,,,,,,,,,,
frame_001764,default,,,,,,,,,,
frame_001765,default,,,,,,,,,,
frame_001766,default,,,,,,,,,,
frame_001767,default,,,,,,,,,,
frame_001768,default,,,,,,,,,,
frame_001769,default,,,,,,,,,,
frame_001770,default,,,,,,,,,,
frame_001771,default,,,,,,,,,,
frame_001772,default,,,,,,,,,,
frame_001773,default,,,,,,,,,,
frame_001774,default,,,,,,,,,,
frame_001775,default,,,,,,,,,,
frame_001776,default,,,,,,,,,,
frame_001777,default,,,,,,,,,,
frame_001778,default,,,,,,,,,,
frame_001779,default,,,,,,,,,,
frame_001780,default,,,,,,,,,,
frame_001781,default,,,,,,,,,,
frame_001782,default,,,,,,,,,,
frame_001783,default,,,,,,,,,,
frame_001784,default,,,,,,,,,,
frame_001785,default,,,,,,,,,,
frame_001786,default,,,,,,,,,,
frame_001787,default,,,,,,,,,,
frame_001788,default,,,,,,,,,,
frame_001789,default,,,,,,,,,,
frame_001790,default,,,,,,,,,,
frame_001791,default,,,,,,,,,,
frame_001792,default,,,,,,,,,,
frame_001793,default,,,,,,,,,,
frame_001794,default,,,,,,,,,,
frame_001795,default,,,,,,,,,,
frame_001796,default,,,,,,,,,,
frame_001797,default,,,,,,,,,,
frame_001798,default,,,,,,,,,,
frame_001799,default,,,,,,,,,,
frame_001800,default,,,,,,,,,,
frame_001801,default,,,,,,,,,,
frame_001802,default,,,,,,,,,,
frame_001803,default,,,,,,,,,,
frame_001804,default,,,,,,,,,,
frame_001805,default,,,,,,,,,,
frame_001806,default,,,,,,,,,,
frame_001807,default,,,,,,,,,,
frame_001808,default,,,,,,,,,,
frame_001809,default,,,,,,,,,,
frame_001810,default,,,,,,,,,,
frame_001811,default,,,,,,,,,,
frame_001812,default,,,,,,,,,,
frame_001813,default,,,,,,,,,,
frame_001814,default,,,,,,,,,,
frame_001815,default,,,,,,,,,,
frame_001816,default,,,,,,,,,,
frame_001817,default,,,,,,,,,,
frame_001818,default,,,,,,,,,,
frame_001819,default,,,,,,,,,,
frame_001820,default,,,,,,,,,,
frame_001821,default,,,,,,,,,,
frame_001822,default,,,,,,,,,,
frame_001823,default,,,,,,,,,,
frame_001824,default,,,,,,,,,,
frame_001825,default,,,,,,,,,,
frame_001826,default,,,,,,,,,,
frame_001827,default,,,,,,,,,,
frame_001828,default,,,,,,,,,,
frame_001829,default,,,,,,,,,,
frame_001830,default,,,,,,,,,,
frame_001831,default,,,,,,,,,,
frame_001832,default,,,,,,,,,,
frame_001833,default,,,,,,,,,,
frame_001834,default,,,,,,,,,,
frame_001835,default,,,,,,,,,,
frame_001836,default,,,,,,,,,,
frame_001837,default,,,,,,,,,,
frame_001838,default,,,,,,,,,,
frame_001839,default,,,,,,,,,,
frame_001840,default,,,,,,,,,,
frame_001841,default,,,,,,,,,,
frame_001842,default,,,,,,,,,,
frame_001843,default,,,,,,,,,,
frame_001844,default,,,,,,,,,,
frame_001845,default,,,,,,,,,,
frame_001846,default,,,,,,,,,,
frame_001847,default,,,,,,,,,,
frame_001848,default,,,,,,,,,,
frame_001849,default,,,,,,,,,,
frame_001850,default,,,,,,,,,,
frame_001851,default,,,,,,,,,,
frame_001852,default,,,,,,,,,,
frame_001853,default,,,,,,,,,,
frame_001854,default,,,,,,,,,,
frame_001855,default,,,,,,,,,,
frame_001856,default,,,,,,,,,,
frame_001857,default,,,,,,,,,,
frame_001858,default,,,,,,,,,,
frame_001859,default,,,,,,,,,,
frame_001860,default,,,,,,,,,,
frame_001861,default,,,,,,,,,,
frame_001862,default,,,,,,,,,,
frame_001863,default,,,,,,,,,,
frame_001864,default,,,,,,,,,,
frame_001865,default,,,,,,,,,,
frame_001866,default,,,,,,,,,,
frame_001867,default,,,,,,,,,,
frame_001868,default,,,,,,,,,,
frame_001869,default,,,,,,,,,,
frame_001870,default,,,,,,,,,,
frame_001871,default,,,,,,,,,,
frame_001872,default,,,,,,,,,,
frame_001873,default,,,,,,,,,,
frame_001874,default,,,,,,,,,,
frame_001875,default,,,,,,,,,,
frame_001876,default,,,,,,,,,,
frame_001877,default,,,,,,,,,,
frame_001878,default,,,,,,,,,,
frame_001879,default,,,,,,,,,,
frame_001880,default,,,,,,,,,,
frame_001881,default,,,,,,,,,,
frame_001882,default,,,,,,,,,,
frame_001883,default,,,,,,,,,,
frame_001884,default,,,,,,,,,,
frame_001885,default,,,,,,,,,,
frame_001886,default,,,,,,,,,,
frame_001887,default,,,,,,,,,,
frame_001888,default,,,,,,,,,,
frame_001889,default,,,,,,,,,,
frame_001890,default,,,,,,,,,,
frame_001891,default,,,,,,,,,,
frame_001892,default,,,,,,,,,,
frame_001893,default,,,,,,,,,,
frame_001894,default,,,,,,,,,,
frame_001895,default,,,,,,,,,,
frame_001896,default,,,,,,,,,,
frame_001897,default,,,,,,,,,,
frame_001898,default,,,,,,,,,,
frame_001899,default,,,,,,,,,,
frame_001900,default,,,,,,,,,,
frame_001901,default,,,,,,,,,,
frame_001902,default,,,,,,,,,,
frame_001903,default,,,,,,,,,,
frame_001904,default,,,,,,,,,,
frame_001905,default,,,,,,,,,,
frame_001906,default,,,,,,,,,,
frame_001907,default,,,,,,,,,,
frame_001908,default,,,,,,,,,,
frame_001909,default,,,,,,,,,,
frame_001910,default,,,,,,,,,,
frame_001911,default,,,,,,,,,,
frame_001912,default,,,,,,,,,,
frame_001913,default,,,,,,,,,,
frame_001914,default,,,,,,,,,,
frame_001915,default,,,,,,,,,,
frame_001916,default,,,,,,,,,,
frame_001917,default,,,,,,,,,,
frame_001918,default,,,,,,,,,,
frame_001919,default,,,,,,,,,,
frame_001920,default,,,,,,,,,,
frame_001921,default,,,,,,,,,,
frame_001922,default,,,,,,,,,,
frame_001923,default,,,,,,,,,,
frame_001924,default,,,,,,,,,,
frame_001925,default,,,,,,,,,,
frame_001926,default,,,,,,,,,,
frame_001927,default,,,,,,,,,,
frame_001928,default,,,,,,,,,,
frame_001929,default,,,,,,,,,,
frame_001930,default,,,,,,,,,,
frame_001931,default,,,,,,,,,,
frame_001932,default,,,,,,,,,,
frame_001933,default,,,,,,,,,,
frame_001934,default,,,,,,,,,,
frame_001935,default,,,,,,,,,,
frame_001936,default,,,,,,,,,,
frame_001937,default,,,,,,,,,,
frame_001938,default,,,,,,,,,,
frame_001939,default,,,,,,,,,,
frame_001940,default,,,,,,,,,,
frame_001941,default,,,,,,,,,,
frame_001942,default,,,,,,,,,,
frame_001943,default,,,,,,,,,,
frame_001944,default,,,,,,,,,,
frame_001945,default,,,,,,,,,,
frame_001946,default,,,,,,,,,,
frame_001947,default,,,,,,,,,,
frame_001948,default,,,,,,,,,,
frame_001949,default,,,,,,,,,,
frame_001950,default,,,,,,,,,,
frame_001951,default,,,,,,,,,,
frame_001952,default,,,,,,,,,,
frame_001953,default,,,,,,,,,,
frame_001954,default,,,,,,,,,,
frame_001955,default,,,,,,,,,,
frame_001956,default,,,,,,,,,,
frame_001957,default,,,,,,,,,,
frame_001958,default,,,,,,,,,,
frame_001959,default,,,,,,,,,,
frame_001960,default,,,,,,,,,,
frame_001961,default,,,,,,,,,,
frame_001962,default,,,,,,,,,,
frame_001963,default,,,,,,,,,,
frame_001964,default,,,,,,,,,,
frame_001965,default,,,,,,,,,,
frame_001966,default,,,,,,,,,,
frame_001967,default,,,,,,,,,,
frame_001968,default,,,,,,,,,,
frame_001969,default,,,,,,,,,,
frame_001970,default,,,,,,,,,,
frame_001971,default,,,,,,,,,,
frame_001972,default,,,,,,,,,,
frame_001973,default,,,,,,,,,,
frame_001974,default,,,,,,,,,,
frame_001975,default,,,,,,,,,,
frame_001976,default,,,,,,,,,,
frame_001977,default,,,,,,,,,,
frame_001978,default,,,,,,,,,,
frame_001979,default,,,,,,,,,,
frame_001980,default,,,,,,,,,,
frame_001981,default,,,,,,,,,,
frame_001982,default,,,,,,,,,,
frame_001983,default,,,,,,,,,,
frame_001984,default,,,,,,,,,,
frame_001985,default,,,,,,,,,,
frame_001986,default,,,,,,,,,,
frame_001987,default,,,,,,,,,,
frame_001988,default,,,,,,,,,,
frame_001989,default,,,,,,,,,,
frame_001990,default,,,,,,,,,,
frame_001991,default,,,,,,,,,,
frame_001992,default,,,,,,,,,,
frame_001993,default,,,,,,,,,,
frame_001994,default,,,,,,,,,,
frame_001995,default,,,,,,,,,,
frame_001996,default,,,,,,,,,,
frame_001997,default,,,,,,,,,,
frame_001998,default,,,,,,,,,,
frame_001999,default,,,,,,,,,,
frame_002000,default,,,,,,,,,,
frame_002001,default,,,,,,,,,,
frame_002002,default,,,,,,,,,,
frame_002003,default,,,,,,,,,,
frame_002004,default,,,,,,,,,,
frame_002005,default,,,,,,,,,,
frame_002006,default,,,,,,,,,,
frame_002007,default,,,,,,,,,,
frame_002008,default,,,,,,,,,,
frame_002009,default,,,,,,,,,,
frame_002010,default,,,,,,,,,,
frame_002011,default,,,,,,,,,,
frame_002012,default,,,,,,,,,,
frame_002013,default,,,,,,,,,,
frame_002014,default,,,,,,,,,,
frame_002015,default,,,,,,,,,,
frame_002016,default,,,,,,,,,,
frame_002017,default,,,,,,,,,,
frame_002018,default,,,,,,,,,,
frame_002019,default,,,,,,,,,,
frame_002020,default,,,,,,,,,,
frame_002021,default,,,,,,,,,,
frame_002022,default,,,,,,,,,,
frame_002023,default,,,,,,,,,,
frame_002024,default,,,,,,,,,,
frame_002025,default,,,,,,,,,,
frame_002026,default,,,,,,,,,,
frame_002027,default,,,,,,,,,,
frame_002028,default,,,,,,,,,,
frame_002029,default,,,,,,,,,,
frame_002030,default,,,,,,,,,,
frame_002031,default,,,,,,,,,,
frame_002032,default,,,,,,,,,,
frame_002033,default,,,,,,,,,,
frame_002034,default,,,,,,,,,,
frame_002035,default,,,,,,,,,,
frame_002036,default,,,,,,,,,,
frame_002037,default,,,,,,,,,,
frame_002038,default,,,,,,,,,,
frame_002039,default,,,,,,,,,,
frame_002040,default,,,,,,,,,,
frame_002041,default,,,,,,,,,,
frame_002042,default,,,,,,,,,,
frame_002043,default,,,,,,,,,,
frame_002044,default,,,,,,,,,,
frame_002045,default,,,,,,,,,,
frame_002046,default,,,,,,,,,,
frame_002047,default,,,,,,,,,,
frame_002048,default,,,,,,,,,,
frame_002049,default,,,,,,,,,,
frame_002050,default,,,,,,,,,,
frame_002051,default,,,,,,,,,,
frame_002052,default,,,,,,,,,,
frame_002053,default,,,,,,,,,,
frame_002054,default,,,,,,,,,,
frame_002055,default,,,,,,,,,,
frame_002056,default,,,,,,,,,,
frame_002057,default,,,,,,,,,,
frame_002058,default,,,,,,,,,,
frame_002059,default,,,,,,,,,,
frame_002060,default,,,,,,,,,,
frame_002061,default,,,,,,,,,,
frame_002062,default,,,,,,,,,,
frame_002063,default,,,,,,,,,,
frame_002064,default,,,,,,,,,,
frame_002065,default,,,,,,,,,,
frame_002066,default,,,,,,,,,,
frame_002067,default,,,,,,,,,,
frame_002068,default,,,,,,,,,,
frame_002069,default,,,,,,,,,,
frame_002070,default,,,,,,,,,,
frame_002071,default,,,,,,,,,,
frame_002072,default,,,,,,,,,,
frame_002073,default,,,,,,,,,,
frame_002074,default,,,,,,,,,,
frame_002075,default,,,,,,,,,,
frame_002076,default,,,,,,,,,,
frame_002077,default,,,,,,,,,,
frame_002078,default,,,,,,,,,,
frame_002079,default,,,,,,,,,,
frame_002080,default,,,,,,,,,,
frame_002081,default,,,,,,,,,,
frame_002082,default,,,,,,,,,,
frame_002083,default,,,,,,,,,,
frame_002084,default,,,,,,,,,,
frame_002085,default,,,,,,,,,,
frame_002086,default,,,,,,,,,,
frame_002087,default,,,,,,,,,,
frame_002088,default,,,,,,,,,,
frame_002089,default,,,,,,,,,,
frame_002090,default,,,,,,,,,,
frame_002091,default,,,,,,,,,,
frame_002092,default,,,,,,,,,,
frame_002093,default,,,,,,,,,,
frame_002094,default,,,,,,,,,,
frame_002095,default,,,,,,,,,,
frame_002096,default,,,,,,,,,,
frame_002097,default,,,,,,,,,,
frame_002098,default,,,,,,,,,,
frame_002099,default,,,,,,,,,,
frame_002100,default,,,,,,,,,,
frame_002101,default,,,,,,,,,,
frame_002102,default,,,,,,,,,,
frame_002103,default,,,,,,,,,,
frame_002104,default,,,,,,,,,,
frame_002105,default,,,,,,,,,,
frame_002106,default,,,,,,,,,,
frame_002107,default,,,,,,,,,,
frame_002108,default,,,,,,,,,,
frame_002109,default,,,,,,,,,,
frame_002110,default,,,,,,,,,,
frame_002111,default,,,,,,,,,,
frame_002112,default,,,,,,,,,,
frame_002113,default,,,,,,,,,,
frame_002114,default,,,,,,,,,,
frame_002115,default,,,,,,,,,,
frame_002116,default,,,,,,,,,,
frame_002117,default,,,,,,,,,,
frame_002118,default,,,,,,,,,,
frame_002119,default,,,,,,,,,,
frame_002120,default,,,,,,,,,,
frame_002121,default,,,,,,,,,,
frame_002122,default,,,,,,,,,,
frame_002123,default,,,,,,,,,,
frame_002124,default,,,,,,,,,,
frame_002125,default,,,,,,,,,,
frame_002126,default,,,,,,,,,,
frame_002127,default,,,,,,,,,,
frame_002128,default,,,,,,,,,,
frame_002129,default,,,,,,,,,,
frame_002130,default,,,,,,,,,,
frame_002131,default,,,,,,,,,,
frame_002132,default,,,,,,,,,,
frame_002133,default,,,,,,,,,,
frame_002134,default,,,,,,,,,,
frame_002135,default,,,,,,,,,,
frame_002136,default,,,,,,,,,,
frame_002137,default,,,,,,,,,,
frame_002138,default,,,,,,,,,,
frame_002139,default,,,,,,,,,,
frame_002140,default,,,,,,,,,,
frame_002141,default,,,,,,,,,,
frame_002142,default,,,,,,,,,,
frame_002143,default,,,,,,,,,,
frame_002144,default,,,,,,,,,,
frame_002145,default,,,,,,,,,,
frame_002146,default,,,,,,,,,,
frame_002147,default,,,,,,,,,,
frame_002148,default,,,,,,,,,,
frame_002149,default,,,,,,,,,,
frame_002150,default,,,,,,,,,,
frame_002151,default,,,,,,,,,,
frame_002152,default,,,,,,,,,,
frame_002153,default,,,,,,,,,,
frame_002154,default,,,,,,,,,,
frame_002155,default,,,,,,,,,,
frame_002156,default,,,,,,,,,,
frame_002157,default,,,,,,,,,,
frame_002158,default,,,,,,,,,,
frame_002159,default,,,,,,,,,,
frame_002160,default,,,,,,,,,,
frame_002161,default,,,,,,,,,,
frame_002162,default,,,,,,,,,,
frame_002163,default,,,,,,,,,,
frame_002164,default,,,,,,,,,,
frame_002165,default,,,,,,,,,,
frame_002166,default,,,,,,,,,,
frame_002167,default,,,,,,,,,,
frame_002168,default,,,,,,,,,,
frame_002169,default,,,,,,,,,,
frame_002170,default,,,,,,,,,,
frame_002171,default,,,,,,,,,,
frame_002172,default,,,,,,,,,,
frame_002173,default,,,,,,,,,,
frame_002174,default,,,,,,,,,,
frame_002175,default,,,,,,,,,,
frame_002176,default,,,,,,,,,,
frame_002177,default,,,,,,,,,,
frame_002178,default,,,,,,,,,,
frame_002179,default,,,,,,,,,,
frame_002180,default,,,,,,,,,,
frame_002181,default,,,,,,,,,,
frame_002182,default,,,,,,,,,,
frame_002183,default,,,,,,,,,,
frame_002184,default,,,,,,,,,,
frame_002185,default,,,,,,,,,,
frame_002186,default,,,,,,,,,,
frame_002187,default,,,,,,,,,,
frame_002188,default,,,,,,,,,,
frame_002189,default,,,,,,,,,,
frame_002190,default,,,,,,,,,,
frame_002191,default,,,,,,,,,,
frame_002192,default,,,,,,,,,,
frame_002193,default,,,,,,,,,,
frame_002194,default,,,,,,,,,,
frame_002195,default,,,,,,,,,,
frame_002196,default,,,,,,,,,,
frame_002197,default,,,,,,,,,,
frame_002198,default,,,,,,,,,,
frame_002199,default,,,,,,,,,,
frame_002200,default,,,,,,,,,,
frame_002201,default,,,,,,,,,,
frame_002202,default,,,,,,,,,,
frame_002203,default,,,,,,,,,,
frame_002204,default,,,,,,,,,,
frame_002205,default,,,,,,,,,,
frame_002206,default,,,,,,,,,,
frame_002207,default,,,,,,,,,,
frame_002208,default,,,,,,,,,,
frame_002209,default,,,,,,,,,,
frame_002210,default,,,,,,,,,,
frame_002211,default,,,,,,,,,,
frame_002212,default,,,,,,,,,,
frame_002213,default,,,,,,,,,,
frame_002214,default,,,,,,,,,,
frame_002215,default,,,,,,,,,,
frame_002216,default,,,,,,,,,,
frame_002217,default,,,,,,,,,,
frame_002218,default,,,,,,,,,,
frame_002219,default,,,,,,,,,,
frame_002220,default,,,,,,,,,,
frame_002221,default,,,,,,,,,,
frame_002222,default,,,,,,,,,,
frame_002223,default,,,,,,,,,,
frame_002224,default,,,,,,,,,,
frame_002225,default,,,,,,,,,,
frame_002226,default,,,,,,,,,,
frame_002227,default,,,,,,,,,,
frame_002228,default,,,,,,,,,,
frame_002229,default,,,,,,,,,,
frame_002230,default,,,,,,,,,,
frame_002231,default,,,,,,,,,,
frame_002232,default,,,,,,,,,,
frame_002233,default,,,,,,,,,,
frame_002234,default,,,,,,,,,,
frame_002235,default,,,,,,,,,,
frame_002236,default,,,,,,,,,,
frame_002237,default,,,,,,,,,,
frame_002238,default,,,,,,,,,,
frame_002239,default,,,,,,,,,,
frame_002240,default,,,,,,,,,,
frame_002241,default,,,,,,,,,,
frame_002242,default,,,,,,,,,,
frame_002243,default,,,,,,,,,,
frame_002244,default,,,,,,,,,,
frame_002245,default,,,,,,,,,,
frame_002246,default,,,,,,,,,,
frame_002247,default,,,,,,,,,,
frame_002248,default,,,,,,,,,,
frame_002249,default,,,,,,,,,,
frame_002250,default,,,,,,,,,,
frame_002251,default,,,,,,,,,,
frame_002252,default,,,,,,,,,,
frame_002253,default,,,,,,,,,,
frame_002254,default,,,,,,,,,,
frame_002255,default,,,,,,,,,,
frame_002256,default,,,,,,,,,,
frame_002257,default,,,,,,,,,,
frame_002258,default,,,,,,,,,,
frame_002259,default,,,,,,,,,,
frame_002260,default,,,,,,,,,,
frame_002261,default,,,,,,,,,,
frame_002262,default,,,,,,,,,,
frame_002263,default,,,,,,,,,,
frame_002264,default,,,,,,,,,,
frame_002265,default,,,,,,,,,,
frame_002266,default,,,,,,,,,,
frame_002267,default,,,,,,,,,,
frame_002268,default,,,,,,,,,,
frame_002269,default,,,,,,,,,,
frame_002270,default,,,,,,,,,,
frame_002271,default,,,,,,,,,,
frame_002272,default,,,,,,,,,,
frame_002273,default,,,,,,,,,,
frame_002274,default,,,,,,,,,,
frame_002275,default,,,,,,,,,,
frame_002276,default,,,,,,,,,,
frame_002277,default,,,,,,,,,,
frame_002278,default,,,,,,,,,,
frame_002279,default,,,,,,,,,,
frame_002280,default,,,,,,,,,,
frame_002281,default,,,,,,,,,,
frame_002282,default,,,,,,,,,,
frame_002283,default,,,,,,,,,,
frame_002284,default,,,,,,,,,,
frame_002285,default,,,,,,,,,,
frame_002286,default,,,,,,,,,,
frame_002287,default,,,,,,,,,,
frame_002288,default,,,,,,,,,,
frame_002289,default,,,,,,,,,,
frame_002290,default,,,,,,,,,,
frame_002291,default,,,,,,,,,,
frame_002292,default,,,,,,,,,,
frame_002293,default,,,,,,,,,,
frame_002294,default,,,,,,,,,,
frame_002295,default,,,,,,,,,,
frame_002296,default,,,,,,,,,,
frame_002297,default,,,,,,,,,,
frame_002298,default,,,,,,,,,,
frame_002299,default,,,,,,,,,,
frame_002300,default,,,,,,,,,,
frame_002301,default,,,,,,,,,,
frame_002302,default,,,,,,,,,,
frame_002303,default,,,,,,,,,,
frame_002304,default,,,,,,,,,,
frame_002305,default,,,,,,,,,,
frame_002306,default,,,,,,,,,,
frame_002307,default,,,,,,,,,,
frame_002308,default,,,,,,,,,,
frame_002309,default,,,,,,,,,,
frame_002310,default,,,,,,,,,,
frame_002311,default,,,,,,,,,,
frame_002312,default,,,,,,,,,,
frame_002313,default,,,,,,,,,,
frame_002314,default,,,,,,,,,,
frame_002315,default,,,,,,,,,,
frame_002316,default,,,,,,,,,,
frame_002317,default,,,,,,,,,,
frame_002318,default,,,,,,,,,,
frame_002319,default,,,,,,,,,,
frame_002320,default,,,,,,,,,,
frame_002321,default,,,,,,,,,,
frame_002322,default,,,,,,,,,,
frame_002323,default,,,,,,,,,,
frame_002324,default,,,,,,,,,,
frame_002325,default,,,,,,,,,,
frame_002326,default,,,,,,,,,,
frame_002327,default,,,,,,,,,,
frame_002328,default,,,,,,,,,,
frame_002329,default,,,,,,,,,,
frame_002330,default,,,,,,,,,,
frame_002331,default,,,,,,,,,,
frame_002332,default,,,,,,,,,,
frame_002333,default,,,,,,,,,,
frame_002334,default,,,,,,,,,,
frame_002335,default,,,,,,,,,,
frame_002336,default,,,,,,,,,,
frame_002337,default,,,,,,,,,,
frame_002338,default,,,,,,,,,,
frame_002339,default,,,,,,,,,,
frame_002340,default,,,,,,,,,,
frame_002341,default,,,,,,,,,,
frame_002342,default,,,,,,,,,,
frame_002343,default,,,,,,,,,,
frame_002344,default,,,,,,,,,,
frame_002345,default,,,,,,,,,,
frame_002346,default,,,,,,,,,,
frame_002347,default,,,,,,,,,,
frame_002348,default,,,,,,,,,,
frame_002349,default,,,,,,,,,,
frame_002350,default,,,,,,,,,,
frame_002351,default,,,,,,,,,,
frame_002352,default,,,,,,,,,,
frame_002353,default,,,,,,,,,,
frame_002354,default,,,,,,,,,,
frame_002355,default,,,,,,,,,,
frame_002356,default,,,,,,,,,,
frame_002357,default,,,,,,,,,,
frame_002358,default,,,,,,,,,,
frame_002359,default,,,,,,,,,,
frame_002360,default,,,,,,,,,,
frame_002361,default,,,,,,,,,,
frame_002362,default,,,,,,,,,,
frame_002363,default,,,,,,,,,,
frame_002364,default,,,,,,,,,,
frame_002365,default,,,,,,,,,,
frame_002366,default,,,,,,,,,,
frame_002367,default,,,,,,,,,,
frame_002368,default,,,,,,,,,,
frame_002369,default,,,,,,,,,,
frame_002370,default,,,,,,,,,,
frame_002371,default,,,,,,,,,,
frame_002372,default,,,,,,,,,,
frame_002373,default,,,,,,,,,,
frame_002374,default,,,,,,,,,,
frame_002375,default,,,,,,,,,,
frame_002376,default,,,,,,,,,,
frame_002377,default,,,,,,,,,,
frame_002378,default,,,,,,,,,,
frame_002379,default,,,,,,,,,,
frame_002380,default,,,,,,,,,,
frame_002381,default,,,,,,,,,,
frame_002382,default,,,,,,,,,,
frame_002383,default,,,,,,,,,,
frame_002384,default,,,,,,,,,,
frame_002385,default,,,,,,,,,,
frame_002386,default,,,,,,,,,,
frame_002387,default,,,,,,,,,,
frame_002388,default,,,,,,,,,,
frame_002389,default,,,,,,,,,,
frame_002390,default,,,,,,,,,,
frame_002391,default,,,,,,,,,,
frame_002392,default,,,,,,,,,,
frame_002393,default,,,,,,,,,,
frame_002394,default,,,,,,,,,,
frame_002395,default,,,,,,,,,,
frame_002396,default,,,,,,,,,,
frame_002397,default,,,,,,,,,,
frame_002398,default,,,,,,,,,,
frame_002399,default,,,,,,,,,,
frame_002400,default,,,,,,,,,,
frame_002401,default,,,,,,,,,,
frame_002402,default,,,,,,,,,,
frame_002403,default,,,,,,,,,,
frame_002404,default,,,,,,,,,,
frame_002405,default,,,,,,,,,,
frame_002406,default,,,,,,,,,,
frame_002407,default,,,,,,,,,,
frame_002408,default,,,,,,,,,,
frame_002409,default,,,,,,,,,,
frame_002410,default,,,,,,,,,,
frame_002411,default,,,,,,,,,,
frame_002412,default,,,,,,,,,,
frame_002413,default,,,,,,,,,,
frame_002414,default,,,,,,,,,,
frame_002415,default,,,,,,,,,,
frame_002416,default,,,,,,,,,,
frame_002417,default,,,,,,,,,,
frame_002418,default,,,,,,,,,,
frame_002419,default,,,,,,,,,,
frame_002420,default,,,,,,,,,,
frame_002421,default,,,,,,,,,,
frame_002422,default,,,,,,,,,,
frame_002423,default,,,,,,,,,,
frame_002424,default,,,,,,,,,,
frame_002425,default,,,,,,,,,,
frame_002426,default,,,,,,,,,,
frame_002427,default,,,,,,,,,,
frame_002428,default,,,,,,,,,,
frame_002429,default,,,,,,,,,,
frame_002430,default,,,,,,,,,,
frame_002431,default,,,,,,,,,,
frame_002432,default,,,,,,,,,,
frame_002433,default,,,,,,,,,,
frame_002434,default,,,,,,,,,,
frame_002435,default,,,,,,,,,,
frame_002436,default,,,,,,,,,,
frame_002437,default,,,,,,,,,,
frame_002438,default,,,,,,,,,,
frame_002439,default,,,,,,,,,,
frame_002440,default,,,,,,,,,,
frame_002441,default,,,,,,,,,,
frame_002442,default,,,,,,,,,,
frame_002443,default,,,,,,,,,,
frame_002444,default,,,,,,,,,,
frame_002445,default,,,,,,,,,,
frame_002446,default,,,,,,,,,,
frame_002447,default,,,,,,,,,,
frame_002448,default,,,,,,,,,,
frame_002449,default,,,,,,,,,,
frame_002450,default,,,,,,,,,,
frame_002451,default,,,,,,,,,,
frame_002452,default,,,,,,,,,,
frame_002453,default,,,,,,,,,,
frame_002454,default,,,,,,,,,,
frame_002455,default,,,,,,,,,,
frame_002456,default,,,,,,,,,,
frame_002457,default,,,,,,,,,,
frame_002458,default,,,,,,,,,,
frame_002459,default,,,,,,,,,,
frame_002460,default,,,,,,,,,,
frame_002461,default,,,,,,,,,,
frame_002462,default,,,,,,,,,,
frame_002463,default,,,,,,,,,,
frame_002464,default,,,,,,,,,,
frame_002465,default,,,,,,,,,,
frame_002466,default,,,,,,,,,,
frame_002467,default,,,,,,,,,,
frame_002468,default,,,,,,,,,,
frame_002469,default,,,,,,,,,,
frame_002470,default,,,,,,,,,,
frame_002471,default,,,,,,,,,,
frame_002472,default,,,,,,,,,,
frame_002473,default,,,,,,,,,,
frame_002474,default,,,,,,,,,,
frame_002475,default,,,,,,,,,,
frame_002476,default,,,,,,,,,,
frame_002477,default,,,,,,,,,,
frame_002478,default,,,,,,,,,,
frame_002479,default,,,,,,,,,,
frame_002480,default,,,,,,,,,,
frame_002481,default,,,,,,,,,,
frame_002482,default,,,,,,,,,,
frame_002483,default,,,,,,,,,,
frame_002484,default,,,,,,,,,,
frame_002485,default,,,,,,,,,,
frame_002486,default,,,,,,,,,,
frame_002487,default,,,,,,,,,,
frame_002488,default,,,,,,,,,,
frame_002489,default,,,,,,,,,,
frame_002490,default,,,,,,,,,,
frame_002491,default,,,,,,,,,,
frame_002492,default,,,,,,,,,,
frame_002493,default,,,,,,,,,,
frame_002494,default,,,,,,,,,,
frame_002495,default,,,,,,,,,,
frame_002496,default,,,,,,,,,,
frame_002497,default,,,,,,,,,,
frame_002498,default,,,,,,,,,,
frame_002499,default,,,,,,,,,,
frame_002500,default,,,,,,,,,,
frame_002501,default,,,,,,,,,,
frame_002502,default,,,,,,,,,,
frame_002503,default,,,,,,,,,,
frame_002504,default,,,,,,,,,,
frame_002505,default,,,,,,,,,,
frame_002506,default,,,,,,,,,,
frame_002507,default,,,,,,,,,,
frame_002508,default,,,,,,,,,,
frame_002509,default,,,,,,,,,,
frame_002510,default,,,,,,,,,,
frame_002511,default,,,,,,,,,,
frame_002512,default,,,,,,,,,,
frame_002513,default,,,,,,,,,,
frame_002514,default,,,,,,,,,,
frame_002515,default,,,,,,,,,,
frame_002516,default,,,,,,,,,,
frame_002517,default,,,,,,,,,,
frame_002518,default,,,,,,,,,,
frame_002519,default,,,,,,,,,,
frame_002520,default,,,,,,,,,,
frame_002521,default,,,,,,,,,,
frame_002522,default,,,,,,,,,,
frame_002523,default,,,,,,,,,,
frame_002524,default,,,,,,,,,,
frame_002525,default,,,,,,,,,,
frame_002526,default,,,,,,,,,,
frame_002527,default,,,,,,,,,,
frame_002528,default,,,,,,,,,,
frame_002529,default,,,,,,,,,,
frame_002530,default,,,,,,,,,,
frame_002531,default,,,,,,,,,,
frame_002532,default,,,,,,,,,,
frame_002533,default,,,,,,,,,,
frame_002534,default,,,,,,,,,,
frame_002535,default,,,,,,,,,,
frame_002536,default,,,,,,,,,,
frame_002537,default,,,,,,,,,,
frame_002538,default,,,,,,,,,,
frame_002539,default,,,,,,,,,,
frame_002540,default,,,,,,,,,,
frame_002541,default,,,,,,,,,,
frame_002542,default,,,,,,,,,,
frame_002543,default,,,,,,,,,,
frame_002544,default,,,,,,,,,,
frame_002545,default,,,,,,,,,,
frame_002546,default,,,,,,,,,,
frame_002547,default,,,,,,,,,,
frame_002548,default,,,,,,,,,,
frame_002549,default,,,,,,,,,,
frame_002550,default,,,,,,,,,,
frame_002551,default,,,,,,,,,,
frame_002552,default,,,,,,,,,,
frame_002553,default,,,,,,,,,,
frame_002554,default,,,,,,,,,,
frame_002555,default,,,,,,,,,,
frame_002556,default,,,,,,,,,,
frame_002557,default,,,,,,,,,,
frame_002558,default,,,,,,,,,,
frame_002559,default,,,,,,,,,,
frame_002560,default,,,,,,,,,,
frame_002561,default,,,,,,,,,,
frame_002562,default,,,,,,,,,,
frame_002563,default,,,,,,,,,,
frame_002564,default,,,,,,,,,,
frame_002565,default,,,,,,,,,,
frame_002566,default,,,,,,,,,,
frame_002567,default,,,,,,,,,,
frame_002568,default,,,,,,,,,,
frame_002569,default,,,,,,,,,,
frame_002570,default,,,,,,,,,,
frame_002571,default,,,,,,,,,,
frame_002572,default,,,,,,,,,,
frame_002573,default,,,,,,,,,,
frame_002574,default,,,,,,,,,,
frame_002575,default,,,,,,,,,,
frame_002576,default,,,,,,,,,,
frame_002577,default,,,,,,,,,,
frame_002578,default,,,,,,,,,,
frame_002579,default,,,,,,,,,,
frame_002580,default,,,,,,,,,,
frame_002581,default,,,,,,,,,,
frame_002582,default,,,,,,,,,,
frame_002583,default,,,,,,,,,,
frame_002584,default,,,,,,,,,,
frame_002585,default,,,,,,,,,,
frame_002586,default,,,,,,,,,,
frame_002587,default,,,,,,,,,,
frame_002588,default,,,,,,,,,,
frame_002589,default,,,,,,,,,,
frame_002590,default,,,,,,,,,,
frame_002591,default,,,,,,,,,,
frame_002592,default,,,,,,,,,,
frame_002593,default,,,,,,,,,,
frame_002594,default,,,,,,,,,,
frame_002595,default,,,,,,,,,,
frame_002596,default,,,,,,,,,,
frame_002597,default,,,,,,,,,,
frame_002598,default,,,,,,,,,,
frame_002599,default,,,,,,,,,,
frame_002600,default,,,,,,,,,,
frame_002601,default,,,,,,,,,,
frame_002602,default,,,,,,,,,,
frame_002603,default,,,,,,,,,,
frame_002604,default,,,,,,,,,,
frame_002605,default,,,,,,,,,,
frame_002606,default,,,,,,,,,,
frame_002607,default,,,,,,,,,,
frame_002608,default,,,,,,,,,,
frame_002609,default,,,,,,,,,,
frame_002610,default,,,,,,,,,,
frame_002611,default,,,,,,,,,,
frame_002612,default,,,,,,,,,,
frame_002613,default,,,,,,,,,,
frame_002614,default,,,,,,,,,,
frame_002615,default,,,,,,,,,,
frame_002616,default,,,,,,,,,,
frame_002617,default,,,,,,,,,,
frame_002618,default,,,,,,,,,,
frame_002619,default,,,,,,,,,,
frame_002620,default,,,,,,,,,,
frame_002621,default,,,,,,,,,,
frame_002622,default,,,,,,,,,,
frame_002623,default,,,,,,,,,,
frame_002624,default,,,,,,,,,,
frame_002625,default,,,,,,,,,,
frame_002626,default,,,,,,,,,,
frame_002627,default,,,,,,,,,,
frame_002628,default,,,,,,,,,,
frame_002629,default,,,,,,,,,,
frame_002630,default,,,,,,,,,,
frame_002631,default,,,,,,,,,,
frame_002632,default,,,,,,,,,,
frame_002633,default,,,,,,,,,,
frame_002634,default,,,,,,,,,,
frame_002635,default,,,,,,,,,,
frame_002636,default,,,,,,,,,,
frame_002637,default,,,,,,,,,,
frame_002638,default,,,,,,,,,,
frame_002639,default,,,,,,,,,,
frame_002640,default,,,,,,,,,,
frame_002641,default,,,,,,,,,,
frame_002642,default,,,,,,,,,,
frame_002643,default,,,,,,,,,,
frame_002644,default,,,,,,,,,,
frame_002645,default,,,,,,,,,,
frame_002646,default,,,,,,,,,,
frame_002647,default,,,,,,,,,,
frame_002648,default,,,,,,,,,,
frame_002649,default,,,,,,,,,,
frame_002650,default,,,,,,,,,,
frame_002651,default,,,,,,,,,,
frame_002652,default,,,,,,,,,,
frame_002653,default,,,,,,,,,,
frame_002654,default,,,,,,,,,,
frame_002655,default,,,,,,,,,,
frame_002656,default,,,,,,,,,,
frame_002657,default,,,,,,,,,,
frame_002658,default,,,,,,,,,,
frame_002659,default,,,,,,,,,,
frame_002660,default,,,,,,,,,,
frame_002661,default,,,,,,,,,,
frame_002662,default,,,,,,,,,,
frame_002663,default,,,,,,,,,,
frame_002664,default,,,,,,,,,,
frame_002665,default,,,,,,,,,,
frame_002666,default,,,,,,,,,,
frame_002667,default,,,,,,,,,,
frame_002668,default,,,,,,,,,,
frame_002669,default,,,,,,,,,,
frame_002670,default,,,,,,,,,,
frame_002671,default,,,,,,,,,,
frame_002672,default,,,,,,,,,,
frame_002673,default,,,,,,,,,,
frame_002674,default,,,,,,,,,,
frame_002675,default,,,,,,,,,,
frame_002676,default,,,,,,,,,,
frame_002677,default,,,,,,,,,,
frame_002678,default,,,,,,,,,,
frame_002679,default,,,,,,,,,,
frame_002680,default,,,,,,,,,,
frame_002681,default,,,,,,,,,,
frame_002682,default,,,,,,,,,,
frame_002683,default,,,,,,,,,,
frame_002684,default,,,,,,,,,,
frame_002685,default,,,,,,,,,,
frame_002686,default,,,,,,,,,,
frame_002687,default,,,,,,,,,,
frame_002688,default,,,,,,,,,,
frame_002689,default,,,,,,,,,,
frame_002690,default,,,,,,,,,,
