MaskPath,ImageID,LabelName,BoxID,BoxXMin,BoxXMax,BoxYMin,BoxYMax,PredictedIoU,Clicks
frame_000141_pimg_00000000.png,frame_000141,pimg,00000000,,,,,,
frame_000142_pimg_00000000.png,frame_000142,pimg,00000000,,,,,,
frame_000143_pimg_00000000.png,frame_000143,pimg,00000000,,,,,,
frame_000144_pimg_00000000.png,frame_000144,pimg,00000000,,,,,,
frame_000145_pimg_00000000.png,frame_000145,pimg,00000000,,,,,,
frame_000146_pimg_00000000.png,frame_000146,pimg,00000000,,,,,,
frame_000147_pimg_00000000.png,frame_000147,pimg,00000000,,,,,,
frame_000148_pimg_00000000.png,frame_000148,pimg,00000000,,,,,,
frame_000149_pimg_00000000.png,frame_000149,pimg,00000000,,,,,,
frame_000150_pimg_00000000.png,frame_000150,pimg,00000000,,,,,,
frame_000151_pimg_00000000.png,frame_000151,pimg,00000000,,,,,,
frame_000152_pimg_00000000.png,frame_000152,pimg,00000000,,,,,,
frame_000153_pimg_00000000.png,frame_000153,pimg,00000000,,,,,,
frame_000154_pimg_00000000.png,frame_000154,pimg,00000000,,,,,,
frame_000155_pimg_00000000.png,frame_000155,pimg,00000000,,,,,,
frame_000156_pimg_00000000.png,frame_000156,pimg,00000000,,,,,,
frame_000157_pimg_00000000.png,frame_000157,pimg,00000000,,,,,,
frame_000158_pimg_00000000.png,frame_000158,pimg,00000000,,,,,,
frame_000159_pimg_00000000.png,frame_000159,pimg,00000000,,,,,,
frame_000160_pimg_00000000.png,frame_000160,pimg,00000000,,,,,,
frame_000161_pimg_00000000.png,frame_000161,pimg,00000000,,,,,,
frame_000162_pimg_00000000.png,frame_000162,pimg,00000000,,,,,,
frame_000163_pimg_00000000.png,frame_000163,pimg,00000000,,,,,,
frame_000164_pimg_00000000.png,frame_000164,pimg,00000000,,,,,,
frame_000165_pimg_00000000.png,frame_000165,pimg,00000000,,,,,,
frame_000166_pimg_00000000.png,frame_000166,pimg,00000000,,,,,,
frame_000167_pimg_00000000.png,frame_000167,pimg,00000000,,,,,,
frame_000168_pimg_00000000.png,frame_000168,pimg,00000000,,,,,,
frame_000169_pimg_00000000.png,frame_000169,pimg,00000000,,,,,,
frame_000170_pimg_00000000.png,frame_000170,pimg,00000000,,,,,,
frame_000171_pimg_00000000.png,frame_000171,pimg,00000000,,,,,,
frame_000172_pimg_00000000.png,frame_000172,pimg,00000000,,,,,,
frame_000173_pimg_00000000.png,frame_000173,pimg,00000000,,,,,,
frame_000174_pimg_00000000.png,frame_000174,pimg,00000000,,,,,,
frame_000175_pimg_00000000.png,frame_000175,pimg,00000000,,,,,,
frame_000176_pimg_00000000.png,frame_000176,pimg,00000000,,,,,,
frame_000177_pimg_00000000.png,frame_000177,pimg,00000000,,,,,,
frame_000178_pimg_00000000.png,frame_000178,pimg,00000000,,,,,,
frame_000179_pimg_00000000.png,frame_000179,pimg,00000000,,,,,,
frame_000180_pimg_00000000.png,frame_000180,pimg,00000000,,,,,,
frame_000181_pimg_00000000.png,frame_000181,pimg,00000000,,,,,,
frame_000182_pimg_00000000.png,frame_000182,pimg,00000000,,,,,,
frame_000183_pimg_00000000.png,frame_000183,pimg,00000000,,,,,,
frame_000184_pimg_00000000.png,frame_000184,pimg,00000000,,,,,,
frame_000185_pimg_00000000.png,frame_000185,pimg,00000000,,,,,,
frame_000186_pimg_00000000.png,frame_000186,pimg,00000000,,,,,,
frame_000187_pimg_00000000.png,frame_000187,pimg,00000000,,,,,,
frame_000188_pimg_00000000.png,frame_000188,pimg,00000000,,,,,,
frame_000189_pimg_00000000.png,frame_000189,pimg,00000000,,,,,,
frame_000190_pimg_00000000.png,frame_000190,pimg,00000000,,,,,,
frame_000191_pimg_00000000.png,frame_000191,pimg,00000000,,,,,,
frame_000192_pimg_00000000.png,frame_000192,pimg,00000000,,,,,,
frame_000193_pimg_00000000.png,frame_000193,pimg,00000000,,,,,,
frame_000194_pimg_00000000.png,frame_000194,pimg,00000000,,,,,,
frame_000195_pimg_00000000.png,frame_000195,pimg,00000000,,,,,,
frame_000196_pimg_00000000.png,frame_000196,pimg,00000000,,,,,,
frame_000197_pimg_00000000.png,frame_000197,pimg,00000000,,,,,,
frame_000198_pimg_00000000.png,frame_000198,pimg,00000000,,,,,,
frame_000199_pimg_00000000.png,frame_000199,pimg,00000000,,,,,,
frame_000200_pimg_00000000.png,frame_000200,pimg,00000000,,,,,,
frame_000201_pimg_00000000.png,frame_000201,pimg,00000000,,,,,,
frame_000202_pimg_00000000.png,frame_000202,pimg,00000000,,,,,,
frame_000203_pimg_00000000.png,frame_000203,pimg,00000000,,,,,,
frame_000204_pimg_00000000.png,frame_000204,pimg,00000000,,,,,,
frame_000205_pimg_00000000.png,frame_000205,pimg,00000000,,,,,,
frame_000206_pimg_00000000.png,frame_000206,pimg,00000000,,,,,,
frame_000207_pimg_00000000.png,frame_000207,pimg,00000000,,,,,,
frame_000208_pimg_00000000.png,frame_000208,pimg,00000000,,,,,,
frame_000209_pimg_00000000.png,frame_000209,pimg,00000000,,,,,,
frame_000210_pimg_00000000.png,frame_000210,pimg,00000000,,,,,,
frame_000211_pimg_00000000.png,frame_000211,pimg,00000000,,,,,,
frame_000212_pimg_00000000.png,frame_000212,pimg,00000000,,,,,,
frame_000213_pimg_00000000.png,frame_000213,pimg,00000000,,,,,,
frame_000214_pimg_00000000.png,frame_000214,pimg,00000000,,,,,,
frame_000215_pimg_00000000.png,frame_000215,pimg,00000000,,,,,,
frame_000216_pimg_00000000.png,frame_000216,pimg,00000000,,,,,,
frame_000217_pimg_00000000.png,frame_000217,pimg,00000000,,,,,,
frame_000218_pimg_00000000.png,frame_000218,pimg,00000000,,,,,,
frame_000219_pimg_00000000.png,frame_000219,pimg,00000000,,,,,,
frame_000220_pimg_00000000.png,frame_000220,pimg,00000000,,,,,,
frame_000221_pimg_00000000.png,frame_000221,pimg,00000000,,,,,,
frame_000222_pimg_00000000.png,frame_000222,pimg,00000000,,,,,,
frame_000223_pimg_00000000.png,frame_000223,pimg,00000000,,,,,,
frame_000224_pimg_00000000.png,frame_000224,pimg,00000000,,,,,,
frame_000225_pimg_00000000.png,frame_000225,pimg,00000000,,,,,,
frame_000226_pimg_00000000.png,frame_000226,pimg,00000000,,,,,,
frame_000227_pimg_00000000.png,frame_000227,pimg,00000000,,,,,,
frame_000228_pimg_00000000.png,frame_000228,pimg,00000000,,,,,,
frame_000229_pimg_00000000.png,frame_000229,pimg,00000000,,,,,,
frame_000230_pimg_00000000.png,frame_000230,pimg,00000000,,,,,,
frame_000231_pimg_00000000.png,frame_000231,pimg,00000000,,,,,,
frame_000232_pimg_00000000.png,frame_000232,pimg,00000000,,,,,,
frame_000233_pimg_00000000.png,frame_000233,pimg,00000000,,,,,,
frame_000234_pimg_00000000.png,frame_000234,pimg,00000000,,,,,,
frame_000235_pimg_00000000.png,frame_000235,pimg,00000000,,,,,,
frame_000236_pimg_00000000.png,frame_000236,pimg,00000000,,,,,,
frame_000237_pimg_00000000.png,frame_000237,pimg,00000000,,,,,,
frame_000238_pimg_00000000.png,frame_000238,pimg,00000000,,,,,,
frame_000239_pimg_00000000.png,frame_000239,pimg,00000000,,,,,,
frame_000240_pimg_00000000.png,frame_000240,pimg,00000000,,,,,,
frame_000241_pimg_00000000.png,frame_000241,pimg,00000000,,,,,,
frame_000242_pimg_00000000.png,frame_000242,pimg,00000000,,,,,,
frame_000243_pimg_00000000.png,frame_000243,pimg,00000000,,,,,,
frame_000244_pimg_00000000.png,frame_000244,pimg,00000000,,,,,,
frame_000245_pimg_00000000.png,frame_000245,pimg,00000000,,,,,,
frame_000246_pimg_00000000.png,frame_000246,pimg,00000000,,,,,,
frame_000247_pimg_00000000.png,frame_000247,pimg,00000000,,,,,,
frame_000248_pimg_00000000.png,frame_000248,pimg,00000000,,,,,,
frame_000249_pimg_00000000.png,frame_000249,pimg,00000000,,,,,,
frame_000250_pimg_00000000.png,frame_000250,pimg,00000000,,,,,,
frame_000251_pimg_00000000.png,frame_000251,pimg,00000000,,,,,,
frame_000252_pimg_00000000.png,frame_000252,pimg,00000000,,,,,,
frame_000253_pimg_00000000.png,frame_000253,pimg,00000000,,,,,,
frame_000254_pimg_00000000.png,frame_000254,pimg,00000000,,,,,,
frame_000255_pimg_00000000.png,frame_000255,pimg,00000000,,,,,,
frame_000256_pimg_00000000.png,frame_000256,pimg,00000000,,,,,,
frame_000257_pimg_00000000.png,frame_000257,pimg,00000000,,,,,,
frame_000258_pimg_00000000.png,frame_000258,pimg,00000000,,,,,,
frame_000259_pimg_00000000.png,frame_000259,pimg,00000000,,,,,,
frame_000260_pimg_00000000.png,frame_000260,pimg,00000000,,,,,,
frame_000261_pimg_00000000.png,frame_000261,pimg,00000000,,,,,,
frame_000262_pimg_00000000.png,frame_000262,pimg,00000000,,,,,,
frame_000263_pimg_00000000.png,frame_000263,pimg,00000000,,,,,,
frame_000264_pimg_00000000.png,frame_000264,pimg,00000000,,,,,,
frame_000265_pimg_00000000.png,frame_000265,pimg,00000000,,,,,,
frame_000266_pimg_00000000.png,frame_000266,pimg,00000000,,,,,,
frame_000267_pimg_00000000.png,frame_000267,pimg,00000000,,,,,,
frame_000268_pimg_00000000.png,frame_000268,pimg,00000000,,,,,,
frame_000269_pimg_00000000.png,frame_000269,pimg,00000000,,,,,,
frame_000270_pimg_00000000.png,frame_000270,pimg,00000000,,,,,,
frame_000271_pimg_00000000.png,frame_000271,pimg,00000000,,,,,,
frame_000272_pimg_00000000.png,frame_000272,pimg,00000000,,,,,,
frame_000273_pimg_00000000.png,frame_000273,pimg,00000000,,,,,,
frame_000274_pimg_00000000.png,frame_000274,pimg,00000000,,,,,,
frame_000275_pimg_00000000.png,frame_000275,pimg,00000000,,,,,,
frame_000276_pimg_00000000.png,frame_000276,pimg,00000000,,,,,,
frame_000277_pimg_00000000.png,frame_000277,pimg,00000000,,,,,,
frame_000278_pimg_00000000.png,frame_000278,pimg,00000000,,,,,,
frame_000279_pimg_00000000.png,frame_000279,pimg,00000000,,,,,,
frame_000280_pimg_00000000.png,frame_000280,pimg,00000000,,,,,,
frame_000281_pimg_00000000.png,frame_000281,pimg,00000000,,,,,,
frame_000282_pimg_00000000.png,frame_000282,pimg,00000000,,,,,,
frame_000283_pimg_00000000.png,frame_000283,pimg,00000000,,,,,,
frame_000284_pimg_00000000.png,frame_000284,pimg,00000000,,,,,,
frame_000285_pimg_00000000.png,frame_000285,pimg,00000000,,,,,,
frame_000286_pimg_00000000.png,frame_000286,pimg,00000000,,,,,,
frame_000287_pimg_00000000.png,frame_000287,pimg,00000000,,,,,,
frame_000288_pimg_00000000.png,frame_000288,pimg,00000000,,,,,,
frame_000289_pimg_00000000.png,frame_000289,pimg,00000000,,,,,,
frame_000290_pimg_00000000.png,frame_000290,pimg,00000000,,,,,,
frame_000291_pimg_00000000.png,frame_000291,pimg,00000000,,,,,,
frame_000292_pimg_00000000.png,frame_000292,pimg,00000000,,,,,,
frame_000293_pimg_00000000.png,frame_000293,pimg,00000000,,,,,,
frame_000294_pimg_00000000.png,frame_000294,pimg,00000000,,,,,,
frame_000295_pimg_00000000.png,frame_000295,pimg,00000000,,,,,,
frame_000296_pimg_00000000.png,frame_000296,pimg,00000000,,,,,,
frame_000297_pimg_00000000.png,frame_000297,pimg,00000000,,,,,,
frame_000298_pimg_00000000.png,frame_000298,pimg,00000000,,,,,,
frame_000299_pimg_00000000.png,frame_000299,pimg,00000000,,,,,,
frame_000300_pimg_00000000.png,frame_000300,pimg,00000000,,,,,,
frame_000301_pimg_00000000.png,frame_000301,pimg,00000000,,,,,,
frame_000302_pimg_00000000.png,frame_000302,pimg,00000000,,,,,,
frame_000303_pimg_00000000.png,frame_000303,pimg,00000000,,,,,,
frame_000304_pimg_00000000.png,frame_000304,pimg,00000000,,,,,,
frame_000305_pimg_00000000.png,frame_000305,pimg,00000000,,,,,,
frame_000306_pimg_00000000.png,frame_000306,pimg,00000000,,,,,,
frame_000307_pimg_00000000.png,frame_000307,pimg,00000000,,,,,,
frame_000308_pimg_00000000.png,frame_000308,pimg,00000000,,,,,,
frame_000309_pimg_00000000.png,frame_000309,pimg,00000000,,,,,,
frame_000310_pimg_00000000.png,frame_000310,pimg,00000000,,,,,,
frame_000311_pimg_00000000.png,frame_000311,pimg,00000000,,,,,,
frame_000312_pimg_00000000.png,frame_000312,pimg,00000000,,,,,,
frame_000313_pimg_00000000.png,frame_000313,pimg,00000000,,,,,,
frame_000314_pimg_00000000.png,frame_000314,pimg,00000000,,,,,,
frame_000315_pimg_00000000.png,frame_000315,pimg,00000000,,,,,,
frame_000316_pimg_00000000.png,frame_000316,pimg,00000000,,,,,,
frame_000317_pimg_00000000.png,frame_000317,pimg,00000000,,,,,,
frame_000318_pimg_00000000.png,frame_000318,pimg,00000000,,,,,,
frame_000319_pimg_00000000.png,frame_000319,pimg,00000000,,,,,,
frame_000320_pimg_00000000.png,frame_000320,pimg,00000000,,,,,,
frame_000321_pimg_00000000.png,frame_000321,pimg,00000000,,,,,,
frame_000322_pimg_00000000.png,frame_000322,pimg,00000000,,,,,,
frame_000323_pimg_00000000.png,frame_000323,pimg,00000000,,,,,,
frame_000324_pimg_00000000.png,frame_000324,pimg,00000000,,,,,,
frame_000325_pimg_00000000.png,frame_000325,pimg,00000000,,,,,,
frame_000326_pimg_00000000.png,frame_000326,pimg,00000000,,,,,,
frame_000327_pimg_00000000.png,frame_000327,pimg,00000000,,,,,,
frame_000328_pimg_00000000.png,frame_000328,pimg,00000000,,,,,,
frame_000329_pimg_00000000.png,frame_000329,pimg,00000000,,,,,,
frame_000330_pimg_00000000.png,frame_000330,pimg,00000000,,,,,,
frame_000331_pimg_00000000.png,frame_000331,pimg,00000000,,,,,,
frame_000332_pimg_00000000.png,frame_000332,pimg,00000000,,,,,,
frame_000333_pimg_00000000.png,frame_000333,pimg,00000000,,,,,,
frame_000334_pimg_00000000.png,frame_000334,pimg,00000000,,,,,,
frame_000335_pimg_00000000.png,frame_000335,pimg,00000000,,,,,,
frame_000336_pimg_00000000.png,frame_000336,pimg,00000000,,,,,,
frame_000337_pimg_00000000.png,frame_000337,pimg,00000000,,,,,,
frame_000338_pimg_00000000.png,frame_000338,pimg,00000000,,,,,,
frame_000339_pimg_00000000.png,frame_000339,pimg,00000000,,,,,,
frame_000340_pimg_00000000.png,frame_000340,pimg,00000000,,,,,,
frame_000341_pimg_00000000.png,frame_000341,pimg,00000000,,,,,,
frame_000342_pimg_00000000.png,frame_000342,pimg,00000000,,,,,,
frame_000343_pimg_00000000.png,frame_000343,pimg,00000000,,,,,,
frame_000344_pimg_00000000.png,frame_000344,pimg,00000000,,,,,,
frame_000345_pimg_00000000.png,frame_000345,pimg,00000000,,,,,,
frame_000346_pimg_00000000.png,frame_000346,pimg,00000000,,,,,,
frame_000347_pimg_00000000.png,frame_000347,pimg,00000000,,,,,,
frame_000348_pimg_00000000.png,frame_000348,pimg,00000000,,,,,,
frame_000349_pimg_00000000.png,frame_000349,pimg,00000000,,,,,,
frame_000350_pimg_00000000.png,frame_000350,pimg,00000000,,,,,,
frame_000351_pimg_00000000.png,frame_000351,pimg,00000000,,,,,,
frame_000352_pimg_00000000.png,frame_000352,pimg,00000000,,,,,,
frame_000353_pimg_00000000.png,frame_000353,pimg,00000000,,,,,,
frame_000354_pimg_00000000.png,frame_000354,pimg,00000000,,,,,,
frame_000355_pimg_00000000.png,frame_000355,pimg,00000000,,,,,,
frame_000356_pimg_00000000.png,frame_000356,pimg,00000000,,,,,,
frame_000357_pimg_00000000.png,frame_000357,pimg,00000000,,,,,,
frame_000358_pimg_00000000.png,frame_000358,pimg,00000000,,,,,,
frame_000359_pimg_00000000.png,frame_000359,pimg,00000000,,,,,,
frame_000360_pimg_00000000.png,frame_000360,pimg,00000000,,,,,,
frame_000361_pimg_00000000.png,frame_000361,pimg,00000000,,,,,,
frame_000362_pimg_00000000.png,frame_000362,pimg,00000000,,,,,,
frame_000363_pimg_00000000.png,frame_000363,pimg,00000000,,,,,,
frame_000364_pimg_00000000.png,frame_000364,pimg,00000000,,,,,,
frame_000365_pimg_00000000.png,frame_000365,pimg,00000000,,,,,,
frame_000366_pimg_00000000.png,frame_000366,pimg,00000000,,,,,,
frame_000367_pimg_00000000.png,frame_000367,pimg,00000000,,,,,,
frame_000368_pimg_00000000.png,frame_000368,pimg,00000000,,,,,,
frame_000369_pimg_00000000.png,frame_000369,pimg,00000000,,,,,,
frame_000370_pimg_00000000.png,frame_000370,pimg,00000000,,,,,,
frame_000371_pimg_00000000.png,frame_000371,pimg,00000000,,,,,,
frame_000372_pimg_00000000.png,frame_000372,pimg,00000000,,,,,,
frame_000373_pimg_00000000.png,frame_000373,pimg,00000000,,,,,,
frame_000374_pimg_00000000.png,frame_000374,pimg,00000000,,,,,,
frame_000375_pimg_00000000.png,frame_000375,pimg,00000000,,,,,,
frame_000376_pimg_00000000.png,frame_000376,pimg,00000000,,,,,,
frame_000377_pimg_00000000.png,frame_000377,pimg,00000000,,,,,,
frame_000378_pimg_00000000.png,frame_000378,pimg,00000000,,,,,,
frame_000379_pimg_00000000.png,frame_000379,pimg,00000000,,,,,,
frame_000380_pimg_00000000.png,frame_000380,pimg,00000000,,,,,,
frame_000381_pimg_00000000.png,frame_000381,pimg,00000000,,,,,,
frame_000382_pimg_00000000.png,frame_000382,pimg,00000000,,,,,,
frame_000383_pimg_00000000.png,frame_000383,pimg,00000000,,,,,,
frame_000384_pimg_00000000.png,frame_000384,pimg,00000000,,,,,,
frame_000385_pimg_00000000.png,frame_000385,pimg,00000000,,,,,,
frame_000386_pimg_00000000.png,frame_000386,pimg,00000000,,,,,,
frame_000387_pimg_00000000.png,frame_000387,pimg,00000000,,,,,,
frame_000388_pimg_00000000.png,frame_000388,pimg,00000000,,,,,,
frame_000389_pimg_00000000.png,frame_000389,pimg,00000000,,,,,,
frame_000390_pimg_00000000.png,frame_000390,pimg,00000000,,,,,,
frame_000391_pimg_00000000.png,frame_000391,pimg,00000000,,,,,,
frame_000392_pimg_00000000.png,frame_000392,pimg,00000000,,,,,,
frame_000393_pimg_00000000.png,frame_000393,pimg,00000000,,,,,,
frame_000394_pimg_00000000.png,frame_000394,pimg,00000000,,,,,,
frame_000395_pimg_00000000.png,frame_000395,pimg,00000000,,,,,,
frame_000396_pimg_00000000.png,frame_000396,pimg,00000000,,,,,,
frame_000397_pimg_00000000.png,frame_000397,pimg,00000000,,,,,,
frame_000398_pimg_00000000.png,frame_000398,pimg,00000000,,,,,,
frame_000399_pimg_00000000.png,frame_000399,pimg,00000000,,,,,,
frame_000400_pimg_00000000.png,frame_000400,pimg,00000000,,,,,,
frame_000401_pimg_00000000.png,frame_000401,pimg,00000000,,,,,,
frame_000402_pimg_00000000.png,frame_000402,pimg,00000000,,,,,,
frame_000403_pimg_00000000.png,frame_000403,pimg,00000000,,,,,,
frame_000404_pimg_00000000.png,frame_000404,pimg,00000000,,,,,,
frame_000405_pimg_00000000.png,frame_000405,pimg,00000000,,,,,,
frame_000406_pimg_00000000.png,frame_000406,pimg,00000000,,,,,,
frame_000407_pimg_00000000.png,frame_000407,pimg,00000000,,,,,,
frame_000408_pimg_00000000.png,frame_000408,pimg,00000000,,,,,,
frame_000409_pimg_00000000.png,frame_000409,pimg,00000000,,,,,,
frame_000410_pimg_00000000.png,frame_000410,pimg,00000000,,,,,,
frame_000411_pimg_00000000.png,frame_000411,pimg,00000000,,,,,,
frame_000412_pimg_00000000.png,frame_000412,pimg,00000000,,,,,,
frame_000413_pimg_00000000.png,frame_000413,pimg,00000000,,,,,,
frame_000414_pimg_00000000.png,frame_000414,pimg,00000000,,,,,,
frame_000415_pimg_00000000.png,frame_000415,pimg,00000000,,,,,,
frame_000416_pimg_00000000.png,frame_000416,pimg,00000000,,,,,,
frame_000417_pimg_00000000.png,frame_000417,pimg,00000000,,,,,,
frame_000418_pimg_00000000.png,frame_000418,pimg,00000000,,,,,,
frame_000419_pimg_00000000.png,frame_000419,pimg,00000000,,,,,,
frame_000420_pimg_00000000.png,frame_000420,pimg,00000000,,,,,,
frame_000421_pimg_00000000.png,frame_000421,pimg,00000000,,,,,,
frame_000422_pimg_00000000.png,frame_000422,pimg,00000000,,,,,,
frame_000423_pimg_00000000.png,frame_000423,pimg,00000000,,,,,,
frame_000424_pimg_00000000.png,frame_000424,pimg,00000000,,,,,,
frame_000425_pimg_00000000.png,frame_000425,pimg,00000000,,,,,,
frame_000426_pimg_00000000.png,frame_000426,pimg,00000000,,,,,,
frame_000427_pimg_00000000.png,frame_000427,pimg,00000000,,,,,,
frame_000428_pimg_00000000.png,frame_000428,pimg,00000000,,,,,,
frame_000429_pimg_00000000.png,frame_000429,pimg,00000000,,,,,,
frame_000430_pimg_00000000.png,frame_000430,pimg,00000000,,,,,,
frame_000431_pimg_00000000.png,frame_000431,pimg,00000000,,,,,,
frame_000432_pimg_00000000.png,frame_000432,pimg,00000000,,,,,,
frame_000433_pimg_00000000.png,frame_000433,pimg,00000000,,,,,,
frame_000434_pimg_00000000.png,frame_000434,pimg,00000000,,,,,,
frame_000435_pimg_00000000.png,frame_000435,pimg,00000000,,,,,,
frame_000436_pimg_00000000.png,frame_000436,pimg,00000000,,,,,,
frame_000437_pimg_00000000.png,frame_000437,pimg,00000000,,,,,,
frame_000438_pimg_00000000.png,frame_000438,pimg,00000000,,,,,,
frame_000439_pimg_00000000.png,frame_000439,pimg,00000000,,,,,,
frame_000440_pimg_00000000.png,frame_000440,pimg,00000000,,,,,,
frame_000441_pimg_00000000.png,frame_000441,pimg,00000000,,,,,,
frame_000442_pimg_00000000.png,frame_000442,pimg,00000000,,,,,,
frame_000443_pimg_00000000.png,frame_000443,pimg,00000000,,,,,,
frame_000444_pimg_00000000.png,frame_000444,pimg,00000000,,,,,,
frame_000445_pimg_00000000.png,frame_000445,pimg,00000000,,,,,,
frame_000446_pimg_00000000.png,frame_000446,pimg,00000000,,,,,,
frame_000447_pimg_00000000.png,frame_000447,pimg,00000000,,,,,,
frame_000448_pimg_00000000.png,frame_000448,pimg,00000000,,,,,,
frame_000449_pimg_00000000.png,frame_000449,pimg,00000000,,,,,,
frame_000450_pimg_00000000.png,frame_000450,pimg,00000000,,,,,,
frame_000451_pimg_00000000.png,frame_000451,pimg,00000000,,,,,,
frame_000452_pimg_00000000.png,frame_000452,pimg,00000000,,,,,,
frame_000453_pimg_00000000.png,frame_000453,pimg,00000000,,,,,,
frame_000454_pimg_00000000.png,frame_000454,pimg,00000000,,,,,,
frame_000455_pimg_00000000.png,frame_000455,pimg,00000000,,,,,,
frame_000456_pimg_00000000.png,frame_000456,pimg,00000000,,,,,,
frame_000457_pimg_00000000.png,frame_000457,pimg,00000000,,,,,,
frame_000458_pimg_00000000.png,frame_000458,pimg,00000000,,,,,,
frame_000459_pimg_00000000.png,frame_000459,pimg,00000000,,,,,,
frame_000460_pimg_00000000.png,frame_000460,pimg,00000000,,,,,,
frame_000461_pimg_00000000.png,frame_000461,pimg,00000000,,,,,,
frame_000462_pimg_00000000.png,frame_000462,pimg,00000000,,,,,,
frame_000463_pimg_00000000.png,frame_000463,pimg,00000000,,,,,,
frame_000464_pimg_00000000.png,frame_000464,pimg,00000000,,,,,,
frame_000465_pimg_00000000.png,frame_000465,pimg,00000000,,,,,,
frame_000466_pimg_00000000.png,frame_000466,pimg,00000000,,,,,,
frame_000467_pimg_00000000.png,frame_000467,pimg,00000000,,,,,,
frame_000468_pimg_00000000.png,frame_000468,pimg,00000000,,,,,,
frame_000469_pimg_00000000.png,frame_000469,pimg,00000000,,,,,,
frame_000470_pimg_00000000.png,frame_000470,pimg,00000000,,,,,,
frame_000471_pimg_00000000.png,frame_000471,pimg,00000000,,,,,,
frame_000472_pimg_00000000.png,frame_000472,pimg,00000000,,,,,,
frame_000473_pimg_00000000.png,frame_000473,pimg,00000000,,,,,,
frame_000474_pimg_00000000.png,frame_000474,pimg,00000000,,,,,,
frame_000475_pimg_00000000.png,frame_000475,pimg,00000000,,,,,,
frame_000476_pimg_00000000.png,frame_000476,pimg,00000000,,,,,,
frame_000477_pimg_00000000.png,frame_000477,pimg,00000000,,,,,,
frame_000478_pimg_00000000.png,frame_000478,pimg,00000000,,,,,,
frame_000479_pimg_00000000.png,frame_000479,pimg,00000000,,,,,,
frame_000480_pimg_00000000.png,frame_000480,pimg,00000000,,,,,,
frame_000481_pimg_00000000.png,frame_000481,pimg,00000000,,,,,,
frame_000482_pimg_00000000.png,frame_000482,pimg,00000000,,,,,,
frame_000483_pimg_00000000.png,frame_000483,pimg,00000000,,,,,,
frame_000484_pimg_00000000.png,frame_000484,pimg,00000000,,,,,,
frame_000485_pimg_00000000.png,frame_000485,pimg,00000000,,,,,,
frame_000486_pimg_00000000.png,frame_000486,pimg,00000000,,,,,,
frame_000487_pimg_00000000.png,frame_000487,pimg,00000000,,,,,,
frame_000488_pimg_00000000.png,frame_000488,pimg,00000000,,,,,,
frame_000489_pimg_00000000.png,frame_000489,pimg,00000000,,,,,,
frame_000490_pimg_00000000.png,frame_000490,pimg,00000000,,,,,,
frame_000491_pimg_00000000.png,frame_000491,pimg,00000000,,,,,,
frame_000492_pimg_00000000.png,frame_000492,pimg,00000000,,,,,,
frame_000493_pimg_00000000.png,frame_000493,pimg,00000000,,,,,,
frame_000494_pimg_00000000.png,frame_000494,pimg,00000000,,,,,,
frame_000495_pimg_00000000.png,frame_000495,pimg,00000000,,,,,,
frame_000496_pimg_00000000.png,frame_000496,pimg,00000000,,,,,,
frame_000497_pimg_00000000.png,frame_000497,pimg,00000000,,,,,,
frame_000498_pimg_00000000.png,frame_000498,pimg,00000000,,,,,,
frame_000499_pimg_00000000.png,frame_000499,pimg,00000000,,,,,,
frame_000500_pimg_00000000.png,frame_000500,pimg,00000000,,,,,,
frame_000501_pimg_00000000.png,frame_000501,pimg,00000000,,,,,,
frame_000502_pimg_00000000.png,frame_000502,pimg,00000000,,,,,,
frame_000503_pimg_00000000.png,frame_000503,pimg,00000000,,,,,,
frame_000504_pimg_00000000.png,frame_000504,pimg,00000000,,,,,,
